respondent_id,treatment,race,work_ethic,allocation,bal_bud,age,gender,pid
1,9,white,poor,600,0,85,Male,Democrat
1,9,black,excellent,900,0,85,Male,Democrat
2,2,NA,excellent,0,1500,66,Male,Republican
2,2,NA,poor,0,1500,66,Male,Republican
3,7,white,NA,750,0,73,Female,Democrat
3,7,black,NA,750,0,73,Female,Democrat
4,11,black,excellent,900,0,62,Female,Independent
4,11,black,poor,600,0,62,Female,Independent
5,10,black,NA,700,100,82,Male,Democrat
5,10,black,NA,700,100,82,Male,Democrat
6,8,white,excellent,400,850,79,Male,Democrat
6,8,black,poor,250,850,79,Male,Democrat
7,1,NA,NA,750,0,56,Male,Democrat
7,1,NA,NA,750,0,56,Male,Democrat
8,9,white,poor,500,1000,81,Male,Republican
8,9,black,excellent,0,1000,81,Male,Republican
9,7,white,NA,600,0,70,Female,Democrat
9,7,black,NA,900,0,70,Female,Democrat
10,7,white,NA,300,900,97,Female,Republican
10,7,black,NA,300,900,97,Female,Republican
11,7,white,NA,750,0,65,Female,Democrat
11,7,black,NA,750,0,65,Female,Democrat
12,1,NA,NA,750,0,49,Male,Democrat
12,1,NA,NA,750,0,49,Male,Democrat
13,11,black,excellent,750,0,80,Male,Democrat
13,11,black,poor,750,0,80,Male,Democrat
14,1,NA,NA,600,400,88,Male,Republican
14,1,NA,NA,500,400,88,Male,Republican
15,5,white,excellent,500,500,75,Male,Independent
15,5,white,poor,500,500,75,Male,Independent
16,10,black,NA,750,0,88,Female,Democrat
16,10,black,NA,750,0,88,Female,Democrat
17,5,white,excellent,750,0,65,Female,Democrat
17,5,white,poor,750,0,65,Female,Democrat
18,12,black,poor,600,0,81,Male,Democrat
18,12,black,excellent,900,0,81,Male,Democrat
19,1,NA,NA,400,300,51,Male,Republican
19,1,NA,NA,800,300,51,Male,Republican
20,1,NA,NA,900,100,67,Male,Democrat
20,1,NA,NA,500,100,67,Male,Democrat
21,4,white,NA,900,0,66,Female,Democrat
21,4,white,NA,600,0,66,Female,Democrat
22,1,NA,NA,750,0,69,Female,Democrat
22,1,NA,NA,750,0,69,Female,Democrat
23,9,white,poor,400,500,63,Male,Republican
23,9,black,excellent,600,500,63,Male,Republican
24,4,white,NA,700,100,56,Male,Republican
24,4,white,NA,700,100,56,Male,Republican
25,4,white,NA,500,500,87,Male,Republican
25,4,white,NA,500,500,87,Male,Republican
26,10,black,NA,500,500,87,Male,Republican
26,10,black,NA,500,500,87,Male,Republican
27,7,white,NA,750,0,45,Male,Democrat
27,7,black,NA,750,0,45,Male,Democrat
28,7,white,NA,500,500,75,Male,Republican
28,7,black,NA,500,500,75,Male,Republican
29,1,NA,NA,700,0,76,Male,Democrat
29,1,NA,NA,800,0,76,Male,Democrat
30,4,white,NA,250,1000,51,Male,Independent
30,4,white,NA,250,1000,51,Male,Independent
31,11,black,excellent,700,100,64,Male,Republican
31,11,black,poor,700,100,64,Male,Republican
32,7,white,NA,0,1500,65,Male,Republican
32,7,black,NA,0,1500,65,Male,Republican
33,4,white,NA,400,750,83,Female,Republican
33,4,white,NA,350,750,83,Female,Republican
34,12,black,poor,500,100,73,Female,Republican
34,12,black,excellent,900,100,73,Female,Republican
35,10,black,NA,400,700,38,Male,Republican
35,10,black,NA,400,700,38,Male,Republican
36,1,NA,NA,500,500,77,Male,Democrat
36,1,NA,NA,500,500,77,Male,Democrat
37,5,white,excellent,750,0,82,Male,Democrat
37,5,white,poor,750,0,82,Male,Democrat
38,10,black,NA,0,1500,63,Female,Republican
38,10,black,NA,0,1500,63,Female,Republican
39,7,white,NA,600,300,66,Female,Democrat
39,7,black,NA,600,300,66,Female,Democrat
40,10,black,NA,650,200,53,Male,Republican
40,10,black,NA,650,200,53,Male,Republican
41,10,black,NA,750,0,73,Female,Democrat
41,10,black,NA,750,0,73,Female,Democrat
42,8,white,excellent,750,0,58,Male,Republican
42,8,black,poor,750,0,58,Male,Republican
43,5,white,excellent,300,300,45,Female,Republican
43,5,white,poor,900,300,45,Female,Republican
44,10,black,NA,500,500,66,Female,Republican
44,10,black,NA,500,500,66,Female,Republican
45,6,white,poor,300,300,57,Male,Independent
45,6,white,excellent,900,300,57,Male,Independent
46,8,white,excellent,0,1500,60,Male,Republican
46,8,black,poor,0,1500,60,Male,Republican
47,1,NA,NA,500,500,60,Female,Republican
47,1,NA,NA,500,500,60,Female,Republican
48,11,black,excellent,900,100,76,Male,Republican
48,11,black,poor,500,100,76,Male,Republican
49,2,NA,excellent,0,1500,87,Male,Republican
49,2,NA,poor,0,1500,87,Male,Republican
50,1,NA,NA,0,1500,52,Male,Republican
50,1,NA,NA,0,1500,52,Male,Republican
51,7,white,NA,500,500,68,Male,Republican
51,7,black,NA,500,500,68,Male,Republican
52,4,white,NA,0,1500,70,Male,Republican
52,4,white,NA,0,1500,70,Male,Republican
53,3,NA,poor,300,900,86,Female,Republican
53,3,NA,excellent,300,900,86,Female,Republican
54,10,black,NA,600,300,78,Female,Republican
54,10,black,NA,600,300,78,Female,Republican
55,7,white,NA,0,1500,45,Female,Republican
55,7,black,NA,0,1500,45,Female,Republican
56,5,white,excellent,900,600,56,Female,Republican
56,5,white,poor,0,600,56,Female,Republican
57,7,white,NA,0,1500,87,Male,Republican
57,7,black,NA,0,1500,87,Male,Republican
58,11,black,excellent,800,0,84,Female,Democrat
58,11,black,poor,700,0,84,Female,Democrat
59,12,black,poor,500,500,74,Male,Democrat
59,12,black,excellent,500,500,74,Male,Democrat
60,10,black,NA,500,500,76,Male,Democrat
60,10,black,NA,500,500,76,Male,Democrat
61,9,white,poor,700,300,89,Male,Republican
61,9,black,excellent,500,300,89,Male,Republican
62,10,black,NA,750,0,78,Female,Democrat
62,10,black,NA,750,0,78,Female,Democrat
63,4,white,NA,500,500,56,Male,Republican
63,4,white,NA,500,500,56,Male,Republican
64,7,white,NA,500,500,66,Female,Republican
64,7,black,NA,500,500,66,Female,Republican
65,10,black,NA,0,1500,80,Male,Republican
65,10,black,NA,0,1500,80,Male,Republican
66,1,NA,NA,750,0,73,Male,Independent
66,1,NA,NA,750,0,73,Male,Independent
67,12,black,poor,300,800,90,Male,Republican
67,12,black,excellent,400,800,90,Male,Republican
68,10,black,NA,0,1500,75,Female,Republican
68,10,black,NA,0,1500,75,Female,Republican
69,4,white,NA,500,500,53,Male,Independent
69,4,white,NA,500,500,53,Male,Independent
70,11,black,excellent,0,1500,61,Male,Independent
70,11,black,poor,0,1500,61,Male,Independent
71,10,black,NA,0,1500,84,Male,Independent
71,10,black,NA,0,1500,84,Male,Independent
72,11,black,excellent,0,1500,67,Male,Republican
72,11,black,poor,0,1500,67,Male,Republican
73,1,NA,NA,750,0,65,Female,Democrat
73,1,NA,NA,750,0,65,Female,Democrat
74,12,black,poor,0,600,70,Male,Democrat
74,12,black,excellent,900,600,70,Male,Democrat
75,10,black,NA,500,500,48,Female,Republican
75,10,black,NA,500,500,48,Female,Republican
76,6,white,poor,500,100,92,Male,Democrat
76,6,white,excellent,900,100,92,Male,Democrat
77,9,white,poor,600,300,65,Male,Republican
77,9,black,excellent,600,300,65,Male,Republican
78,7,white,NA,700,0,62,Male,Republican
78,7,black,NA,800,0,62,Male,Republican
79,5,white,excellent,900,0,62,Female,Republican
79,5,white,poor,600,0,62,Female,Republican
80,1,NA,NA,750,0,86,Female,Democrat
80,1,NA,NA,750,0,86,Female,Democrat
81,5,white,excellent,700,100,80,Male,Republican
81,5,white,poor,700,100,80,Male,Republican
82,11,black,excellent,500,500,70,Male,Democrat
82,11,black,poor,500,500,70,Male,Democrat
83,7,white,NA,500,500,59,Male,Republican
83,7,black,NA,500,500,59,Male,Republican
84,2,NA,excellent,700,600,55,Female,Republican
84,2,NA,poor,200,600,55,Female,Republican
85,10,black,NA,500,500,77,Male,Democrat
85,10,black,NA,500,500,77,Male,Democrat
86,1,NA,NA,0,1500,76,Female,Republican
86,1,NA,NA,0,1500,76,Female,Republican
87,7,white,NA,750,0,70,Male,Democrat
87,7,black,NA,750,0,70,Male,Democrat
88,9,white,poor,700,600,58,Male,Republican
88,9,black,excellent,200,600,58,Male,Republican
89,6,white,poor,500,500,74,Male,Republican
89,6,white,excellent,500,500,74,Male,Republican
90,8,white,excellent,900,600,62,Female,Republican
90,8,black,poor,0,600,62,Female,Republican
91,2,NA,excellent,0,1500,57,Male,Republican
91,2,NA,poor,0,1500,57,Male,Republican
92,9,white,poor,0,1500,84,Male,Republican
92,9,black,excellent,0,1500,84,Male,Republican
93,6,white,poor,300,500,76,Male,Republican
93,6,white,excellent,700,500,76,Male,Republican
94,4,white,NA,500,300,73,Male,Republican
94,4,white,NA,700,300,73,Male,Republican
95,10,black,NA,500,200,65,Female,Democrat
95,10,black,NA,800,200,65,Female,Democrat
96,7,white,NA,600,0,78,Female,Republican
96,7,black,NA,900,0,78,Female,Republican
97,10,black,NA,500,500,80,Male,Republican
97,10,black,NA,500,500,80,Male,Republican
98,8,white,excellent,0,1500,56,Male,Republican
98,8,black,poor,0,1500,56,Male,Republican
99,12,black,poor,0,1500,90,Male,Democrat
99,12,black,excellent,0,1500,90,Male,Democrat
100,11,black,excellent,0,1100,56,Female,Republican
100,11,black,poor,400,1100,56,Female,Republican
101,4,white,NA,800,0,76,Male,Democrat
101,4,white,NA,700,0,76,Male,Democrat
102,2,NA,excellent,700,100,67,Male,Democrat
102,2,NA,poor,700,100,67,Male,Democrat
103,10,black,NA,750,0,88,Female,Democrat
103,10,black,NA,750,0,88,Female,Democrat
104,10,black,NA,0,1500,85,Female,Republican
104,10,black,NA,0,1500,85,Female,Republican
105,11,black,excellent,750,0,95,Female,Democrat
105,11,black,poor,750,0,95,Female,Democrat
106,4,white,NA,500,350,74,Female,Democrat
106,4,white,NA,650,350,74,Female,Democrat
107,5,white,excellent,750,0,69,Female,Democrat
107,5,white,poor,750,0,69,Female,Democrat
108,10,black,NA,749,2,69,Female,Democrat
108,10,black,NA,749,2,69,Female,Democrat
109,12,black,poor,0,1500,61,Female,Republican
109,12,black,excellent,0,1500,61,Female,Republican
110,12,black,poor,300,300,63,Male,Democrat
110,12,black,excellent,900,300,63,Male,Democrat
111,12,black,poor,750,0,77,Female,Democrat
111,12,black,excellent,750,0,77,Female,Democrat
112,3,NA,poor,750,0,63,Male,Republican
112,3,NA,excellent,750,0,63,Male,Republican
113,2,NA,excellent,800,300,71,Male,Republican
113,2,NA,poor,400,300,71,Male,Republican
114,11,black,excellent,0,1500,70,Female,Independent
114,11,black,poor,0,1500,70,Female,Independent
115,1,NA,NA,500,500,66,Female,Democrat
115,1,NA,NA,500,500,66,Female,Democrat
116,8,white,excellent,300,1200,72,Male,Republican
116,8,black,poor,0,1200,72,Male,Republican
117,4,white,NA,700,100,53,Male,Democrat
117,4,white,NA,700,100,53,Male,Democrat
118,7,white,NA,600,300,60,Female,Democrat
118,7,black,NA,600,300,60,Female,Democrat
119,7,white,NA,700,100,83,Female,Independent
119,7,black,NA,700,100,83,Female,Independent
120,10,black,NA,500,500,72,Female,Republican
120,10,black,NA,500,500,72,Female,Republican
121,10,black,NA,600,300,75,Female,Democrat
121,10,black,NA,600,300,75,Female,Democrat
122,9,white,poor,750,0,72,Female,Democrat
122,9,black,excellent,750,0,72,Female,Democrat
123,12,black,poor,700,100,65,Male,Independent
123,12,black,excellent,700,100,65,Male,Independent
124,4,white,NA,750,0,62,Male,Republican
124,4,white,NA,750,0,62,Male,Republican
125,4,white,NA,750,0,41,Female,Independent
125,4,white,NA,750,0,41,Female,Independent
126,7,white,NA,500,500,70,Male,Republican
126,7,black,NA,500,500,70,Male,Republican
127,7,white,NA,750,0,78,Male,Democrat
127,7,black,NA,750,0,78,Male,Democrat
128,3,NA,poor,500,300,69,Male,Republican
128,3,NA,excellent,700,300,69,Male,Republican
129,3,NA,poor,0,1500,80,Male,Republican
129,3,NA,excellent,0,1500,80,Male,Republican
130,7,white,NA,500,500,60,Male,Democrat
130,7,black,NA,500,500,60,Male,Democrat
131,8,white,excellent,650,0,77,Male,Democrat
131,8,black,poor,850,0,77,Male,Democrat
132,3,NA,poor,900,0,56,Male,Democrat
132,3,NA,excellent,600,0,56,Male,Democrat
133,2,NA,excellent,750,0,76,Female,Democrat
133,2,NA,poor,750,0,76,Female,Democrat
134,1,NA,NA,900,100,52,Male,Independent
134,1,NA,NA,500,100,52,Male,Independent
135,8,white,excellent,500,500,78,Female,Democrat
135,8,black,poor,500,500,78,Female,Democrat
136,6,white,poor,200,400,60,Male,Republican
136,6,white,excellent,900,400,60,Male,Republican
137,4,white,NA,600,300,90,Male,Democrat
137,4,white,NA,600,300,90,Male,Democrat
138,10,black,NA,600,300,65,Female,Democrat
138,10,black,NA,600,300,65,Female,Democrat
139,12,black,poor,600,0,60,Male,Independent
139,12,black,excellent,900,0,60,Male,Independent
140,1,NA,NA,500,500,68,Female,Republican
140,1,NA,NA,500,500,68,Female,Republican
141,4,white,NA,0,1500,93,Male,Republican
141,4,white,NA,0,1500,93,Male,Republican
142,7,white,NA,700,0,69,Male,Democrat
142,7,black,NA,800,0,69,Male,Democrat
143,3,NA,poor,500,200,76,Male,Republican
143,3,NA,excellent,800,200,76,Male,Republican
144,12,black,poor,200,1100,50,Male,Republican
144,12,black,excellent,200,1100,50,Male,Republican
145,7,white,NA,500,500,70,Male,Republican
145,7,black,NA,500,500,70,Male,Republican
146,8,white,excellent,800,150,78,Female,Republican
146,8,black,poor,550,150,78,Female,Republican
147,6,white,poor,500,100,67,Female,Democrat
147,6,white,excellent,900,100,67,Female,Democrat
148,8,white,excellent,500,1000,77,Male,Republican
148,8,black,poor,0,1000,77,Male,Republican
149,6,white,poor,500,500,50,Female,Democrat
149,6,white,excellent,500,500,50,Female,Democrat
150,9,white,poor,600,0,58,Male,Republican
150,9,black,excellent,900,0,58,Male,Republican
151,10,black,NA,0,1500,72,Male,Democrat
151,10,black,NA,0,1500,72,Male,Democrat
152,3,NA,poor,750,0,76,Male,Democrat
152,3,NA,excellent,750,0,76,Male,Democrat
153,6,white,poor,900,600,66,Male,Republican
153,6,white,excellent,0,600,66,Male,Republican
154,5,white,excellent,900,0,73,Male,Republican
154,5,white,poor,600,0,73,Male,Republican
155,3,NA,poor,700,200,86,Male,Republican
155,3,NA,excellent,600,200,86,Male,Republican
156,7,white,NA,600,300,38,Female,Democrat
156,7,black,NA,600,300,38,Female,Democrat
157,8,white,excellent,700,0,48,Female,Democrat
157,8,black,poor,800,0,48,Female,Democrat
158,1,NA,NA,750,0,41,Female,Independent
158,1,NA,NA,750,0,41,Female,Independent
159,5,white,excellent,600,300,38,Female,Republican
159,5,white,poor,600,300,38,Female,Republican
160,11,black,excellent,900,0,47,Female,Democrat
160,11,black,poor,600,0,47,Female,Democrat
161,12,black,poor,400,400,65,Male,Democrat
161,12,black,excellent,700,400,65,Male,Democrat
162,7,white,NA,749,1,85,Male,Republican
162,7,black,NA,750,1,85,Male,Republican
163,8,white,excellent,500,500,82,Male,Republican
163,8,black,poor,500,500,82,Male,Republican
164,1,NA,NA,500,500,75,Male,Democrat
164,1,NA,NA,500,500,75,Male,Democrat
165,5,white,excellent,700,100,87,Female,Democrat
165,5,white,poor,700,100,87,Female,Democrat
166,6,white,poor,700,100,94,Female,Democrat
166,6,white,excellent,700,100,94,Female,Democrat
167,1,NA,NA,700,0,65,Male,Democrat
167,1,NA,NA,800,0,65,Male,Democrat
168,1,NA,NA,650,200,72,Female,Democrat
168,1,NA,NA,650,200,72,Female,Democrat
169,12,black,poor,400,200,75,Male,Independent
169,12,black,excellent,900,200,75,Male,Independent
170,9,white,poor,500,300,75,Male,Democrat
170,9,black,excellent,700,300,75,Male,Democrat
171,1,NA,NA,900,0,76,Male,Democrat
171,1,NA,NA,600,0,76,Male,Democrat
172,12,black,poor,750,0,82,Male,Democrat
172,12,black,excellent,750,0,82,Male,Democrat
173,3,NA,poor,0,1500,77,Male,Republican
173,3,NA,excellent,0,1500,77,Male,Republican
174,4,white,NA,700,100,66,Male,Republican
174,4,white,NA,700,100,66,Male,Republican
175,6,white,poor,500,500,82,Male,Democrat
175,6,white,excellent,500,500,82,Male,Democrat
176,3,NA,poor,750,0,74,Male,Democrat
176,3,NA,excellent,750,0,74,Male,Democrat
177,1,NA,NA,500,500,72,Male,Republican
177,1,NA,NA,500,500,72,Male,Republican
178,9,white,poor,750,0,80,Male,Democrat
178,9,black,excellent,750,0,80,Male,Democrat
179,4,white,NA,650,200,54,Male,Democrat
179,4,white,NA,650,200,54,Male,Democrat
180,11,black,excellent,700,100,44,Female,Republican
180,11,black,poor,700,100,44,Female,Republican
181,7,white,NA,750,0,66,Male,Democrat
181,7,black,NA,750,0,66,Male,Democrat
182,4,white,NA,750,0,75,Female,Republican
182,4,white,NA,750,0,75,Female,Republican
183,7,white,NA,750,0,80,Male,Republican
183,7,black,NA,750,0,80,Male,Republican
184,9,white,poor,200,400,46,Female,Republican
184,9,black,excellent,900,400,46,Female,Republican
185,11,black,excellent,700,100,81,Female,Democrat
185,11,black,poor,700,100,81,Female,Democrat
186,6,white,poor,0,1500,77,Male,Republican
186,6,white,excellent,0,1500,77,Male,Republican
187,10,black,NA,500,500,73,Male,Independent
187,10,black,NA,500,500,73,Male,Independent
188,10,black,NA,400,700,55,Male,Republican
188,10,black,NA,400,700,55,Male,Republican
189,3,NA,poor,0,1500,93,Female,Republican
189,3,NA,excellent,0,1500,93,Female,Republican
190,10,black,NA,0,1500,88,Male,Republican
190,10,black,NA,0,1500,88,Male,Republican
191,10,black,NA,750,0,87,Female,Democrat
191,10,black,NA,750,0,87,Female,Democrat
192,10,black,NA,900,0,77,Male,Republican
192,10,black,NA,600,0,77,Male,Republican
193,9,white,poor,0,1500,85,Male,Republican
193,9,black,excellent,0,1500,85,Male,Republican
194,1,NA,NA,600,0,75,Male,Democrat
194,1,NA,NA,900,0,75,Male,Democrat
195,7,white,NA,800,100,88,Male,Republican
195,7,black,NA,600,100,88,Male,Republican
196,11,black,excellent,800,0,85,Male,Republican
196,11,black,poor,700,0,85,Male,Republican
197,11,black,excellent,650,100,65,Female,Democrat
197,11,black,poor,750,100,65,Female,Democrat
198,1,NA,NA,750,0,53,Male,Democrat
198,1,NA,NA,750,0,53,Male,Democrat
199,4,white,NA,0,1500,65,Male,Republican
199,4,white,NA,0,1500,65,Male,Republican
200,7,white,NA,600,0,77,Male,Republican
200,7,black,NA,900,0,77,Male,Republican
201,8,white,excellent,750,0,78,Male,Republican
201,8,black,poor,750,0,78,Male,Republican
202,2,NA,excellent,750,0,46,Female,Democrat
202,2,NA,poor,750,0,46,Female,Democrat
203,5,white,excellent,900,0,59,Male,Republican
203,5,white,poor,600,0,59,Male,Republican
204,6,white,poor,800,0,96,Male,Democrat
204,6,white,excellent,700,0,96,Male,Democrat
205,1,NA,NA,750,0,60,Male,Democrat
205,1,NA,NA,750,0,60,Male,Democrat
206,5,white,excellent,600,300,67,Male,Democrat
206,5,white,poor,600,300,67,Male,Democrat
207,1,NA,NA,500,500,64,Male,Republican
207,1,NA,NA,500,500,64,Male,Republican
208,8,white,excellent,900,600,86,Male,Democrat
208,8,black,poor,0,600,86,Male,Democrat
209,10,black,NA,700,100,73,Female,Democrat
209,10,black,NA,700,100,73,Female,Democrat
210,11,black,excellent,500,500,59,Female,Democrat
210,11,black,poor,500,500,59,Female,Democrat
211,1,NA,NA,750,0,62,Female,Democrat
211,1,NA,NA,750,0,62,Female,Democrat
212,11,black,excellent,500,800,85,Male,Democrat
212,11,black,poor,200,800,85,Male,Democrat
213,3,NA,poor,500,500,64,Female,Republican
213,3,NA,excellent,500,500,64,Female,Republican
214,12,black,poor,0,600,70,Male,Republican
214,12,black,excellent,900,600,70,Male,Republican
215,7,white,NA,750,0,71,Male,Republican
215,7,black,NA,750,0,71,Male,Republican
216,7,white,NA,750,0,82,Male,Republican
216,7,black,NA,750,0,82,Male,Republican
217,10,black,NA,750,0,78,Male,Republican
217,10,black,NA,750,0,78,Male,Republican
218,1,NA,NA,700,100,70,Male,Republican
218,1,NA,NA,700,100,70,Male,Republican
219,8,white,excellent,0,1500,91,Female,Independent
219,8,black,poor,0,1500,91,Female,Independent
220,11,black,excellent,900,600,70,Male,Republican
220,11,black,poor,0,600,70,Male,Republican
221,12,black,poor,250,500,69,Female,Republican
221,12,black,excellent,750,500,69,Female,Republican
222,1,NA,NA,0,1500,77,Female,Independent
222,1,NA,NA,0,1500,77,Female,Independent
223,9,white,poor,400,200,41,Male,Independent
223,9,black,excellent,900,200,41,Male,Independent
224,10,black,NA,500,500,77,Male,Independent
224,10,black,NA,500,500,77,Male,Independent
225,7,white,NA,750,0,71,Female,Democrat
225,7,black,NA,750,0,71,Female,Democrat
226,9,white,poor,500,200,55,Male,Democrat
226,9,black,excellent,800,200,55,Male,Democrat
227,1,NA,NA,750,0,70,Male,Independent
227,1,NA,NA,750,0,70,Male,Independent
228,12,black,poor,750,0,45,Female,Democrat
228,12,black,excellent,750,0,45,Female,Democrat
229,7,white,NA,600,300,89,Male,Democrat
229,7,black,NA,600,300,89,Male,Democrat
230,10,black,NA,750,0,76,Male,Republican
230,10,black,NA,750,0,76,Male,Republican
231,8,white,excellent,900,150,68,Male,Democrat
231,8,black,poor,450,150,68,Male,Democrat
232,2,NA,excellent,500,500,76,Female,Democrat
232,2,NA,poor,500,500,76,Female,Democrat
233,10,black,NA,750,0,65,Female,Independent
233,10,black,NA,750,0,65,Female,Independent
234,7,white,NA,500,500,71,Male,Republican
234,7,black,NA,500,500,71,Male,Republican
235,1,NA,NA,750,0,67,Male,Democrat
235,1,NA,NA,750,0,67,Male,Democrat
236,10,black,NA,700,100,47,Female,Independent
236,10,black,NA,700,100,47,Female,Independent
237,4,white,NA,500,500,87,Male,Republican
237,4,white,NA,500,500,87,Male,Republican
238,1,NA,NA,750,0,80,Female,Democrat
238,1,NA,NA,750,0,80,Female,Democrat
239,8,white,excellent,500,400,70,Male,Democrat
239,8,black,poor,600,400,70,Male,Democrat
240,9,white,poor,650,200,74,Male,Democrat
240,9,black,excellent,650,200,74,Male,Democrat
241,11,black,excellent,900,150,78,Male,Democrat
241,11,black,poor,450,150,78,Male,Democrat
242,4,white,NA,500,500,85,Male,Republican
242,4,white,NA,500,500,85,Male,Republican
243,9,white,poor,700,200,93,Female,Republican
243,9,black,excellent,600,200,93,Female,Republican
244,4,white,NA,400,750,76,Male,Republican
244,4,white,NA,350,750,76,Male,Republican
245,3,NA,poor,400,500,57,Male,Republican
245,3,NA,excellent,600,500,57,Male,Republican
246,8,white,excellent,850,0,66,Female,Democrat
246,8,black,poor,650,0,66,Female,Democrat
247,1,NA,NA,600,0,61,Male,Republican
247,1,NA,NA,900,0,61,Male,Republican
248,4,white,NA,750,0,84,Male,Democrat
248,4,white,NA,750,0,84,Male,Democrat
249,7,white,NA,500,500,81,Male,Republican
249,7,black,NA,500,500,81,Male,Republican
250,5,white,excellent,600,300,84,Female,Republican
250,5,white,poor,600,300,84,Female,Republican
251,4,white,NA,750,0,45,Female,Democrat
251,4,white,NA,750,0,45,Female,Democrat
252,10,black,NA,700,0,63,Female,Democrat
252,10,black,NA,800,0,63,Female,Democrat
253,7,white,NA,750,0,64,Female,Independent
253,7,black,NA,750,0,64,Female,Independent
254,10,black,NA,600,300,70,Female,Democrat
254,10,black,NA,600,300,70,Female,Democrat
255,2,NA,excellent,700,300,58,Male,Republican
255,2,NA,poor,500,300,58,Male,Republican
256,4,white,NA,700,100,82,Female,Democrat
256,4,white,NA,700,100,82,Female,Democrat
257,7,white,NA,745,10,73,Female,Democrat
257,7,black,NA,745,10,73,Female,Democrat
258,3,NA,poor,900,200,73,Female,Republican
258,3,NA,excellent,400,200,73,Female,Republican
259,4,white,NA,400,700,55,Female,Democrat
259,4,white,NA,400,700,55,Female,Democrat
260,1,NA,NA,450,600,79,Male,Republican
260,1,NA,NA,450,600,79,Male,Republican
261,2,NA,excellent,700,100,58,Male,Republican
261,2,NA,poor,700,100,58,Male,Republican
262,7,white,NA,750,0,62,Male,Republican
262,7,black,NA,750,0,62,Male,Republican
263,4,white,NA,500,500,80,Male,Independent
263,4,white,NA,500,500,80,Male,Independent
264,4,white,NA,500,500,77,Male,Republican
264,4,white,NA,500,500,77,Male,Republican
265,7,white,NA,500,500,77,Male,Republican
265,7,black,NA,500,500,77,Male,Republican
266,12,black,poor,750,0,74,Female,Democrat
266,12,black,excellent,750,0,74,Female,Democrat
267,3,NA,poor,400,500,64,Male,Republican
267,3,NA,excellent,600,500,64,Male,Republican
268,11,black,excellent,900,600,75,Female,Independent
268,11,black,poor,0,600,75,Female,Independent
269,10,black,NA,500,500,74,Male,Republican
269,10,black,NA,500,500,74,Male,Republican
270,9,white,poor,400,200,43,Female,Democrat
270,9,black,excellent,900,200,43,Female,Democrat
271,7,white,NA,500,500,81,Male,Independent
271,7,black,NA,500,500,81,Male,Independent
272,1,NA,NA,600,400,75,Male,Democrat
272,1,NA,NA,500,400,75,Male,Democrat
273,12,black,poor,0,1500,77,Female,Republican
273,12,black,excellent,0,1500,77,Female,Republican
274,3,NA,poor,700,0,44,Male,Democrat
274,3,NA,excellent,800,0,44,Male,Democrat
275,4,white,NA,600,300,64,Female,Independent
275,4,white,NA,600,300,64,Female,Independent
276,8,white,excellent,500,400,82,Male,Republican
276,8,black,poor,600,400,82,Male,Republican
277,12,black,poor,0,1500,57,Male,Independent
277,12,black,excellent,0,1500,57,Male,Independent
278,10,black,NA,650,200,81,Female,Independent
278,10,black,NA,650,200,81,Female,Independent
279,9,white,poor,900,0,74,Male,Democrat
279,9,black,excellent,600,0,74,Male,Democrat
280,4,white,NA,500,500,77,Female,Independent
280,4,white,NA,500,500,77,Female,Independent
281,2,NA,excellent,600,500,74,Male,Republican
281,2,NA,poor,400,500,74,Male,Republican
282,11,black,excellent,0,600,74,Male,Republican
282,11,black,poor,900,600,74,Male,Republican
283,11,black,excellent,500,500,76,Male,Republican
283,11,black,poor,500,500,76,Male,Republican
284,11,black,excellent,600,700,62,Female,Republican
284,11,black,poor,200,700,62,Female,Republican
285,1,NA,NA,750,0,81,Female,Republican
285,1,NA,NA,750,0,81,Female,Republican
286,4,white,NA,749,2,69,Female,Democrat
286,4,white,NA,749,2,69,Female,Democrat
287,1,NA,NA,700,100,92,Female,Republican
287,1,NA,NA,700,100,92,Female,Republican
288,10,black,NA,400,400,63,Female,Democrat
288,10,black,NA,700,400,63,Female,Democrat
289,8,white,excellent,600,400,53,Female,Democrat
289,8,black,poor,500,400,53,Female,Democrat
290,9,white,poor,600,0,60,Female,Democrat
290,9,black,excellent,900,0,60,Female,Democrat
291,5,white,excellent,750,0,63,Female,Republican
291,5,white,poor,750,0,63,Female,Republican
292,7,white,NA,700,100,73,Female,Republican
292,7,black,NA,700,100,73,Female,Republican
293,7,white,NA,750,0,63,Female,Democrat
293,7,black,NA,750,0,63,Female,Democrat
294,3,NA,poor,700,0,52,Female,Independent
294,3,NA,excellent,800,0,52,Female,Independent
295,10,black,NA,900,100,65,Female,Independent
295,10,black,NA,500,100,65,Female,Independent
296,2,NA,excellent,500,500,61,Female,NA
296,2,NA,poor,500,500,61,Female,NA
297,1,NA,NA,750,0,73,Female,Democrat
297,1,NA,NA,750,0,73,Female,Democrat
298,12,black,poor,900,400,74,Female,Republican
298,12,black,excellent,200,400,74,Female,Republican
299,4,white,NA,750,0,49,Male,Independent
299,4,white,NA,750,0,49,Male,Independent
300,3,NA,poor,200,400,53,Male,Democrat
300,3,NA,excellent,900,400,53,Male,Democrat
301,7,white,NA,0,1500,79,Male,Republican
301,7,black,NA,0,1500,79,Male,Republican
302,11,black,excellent,750,0,75,Female,Republican
302,11,black,poor,750,0,75,Female,Republican
303,12,black,poor,500,100,60,Female,Republican
303,12,black,excellent,900,100,60,Female,Republican
304,3,NA,poor,700,0,76,Female,Democrat
304,3,NA,excellent,800,0,76,Female,Democrat
305,2,NA,excellent,500,500,51,Female,Democrat
305,2,NA,poor,500,500,51,Female,Democrat
306,9,white,poor,200,400,61,Female,Democrat
306,9,black,excellent,900,400,61,Female,Democrat
307,12,black,poor,300,300,43,Female,Independent
307,12,black,excellent,900,300,43,Female,Independent
308,1,NA,NA,700,100,64,Female,Republican
308,1,NA,NA,700,100,64,Female,Republican
309,12,black,poor,750,0,63,Female,Independent
309,12,black,excellent,750,0,63,Female,Independent
310,7,white,NA,600,0,88,Male,Republican
310,7,black,NA,900,0,88,Male,Republican
311,7,white,NA,500,100,59,Female,Democrat
311,7,black,NA,900,100,59,Female,Democrat
312,1,NA,NA,750,0,48,Male,Republican
312,1,NA,NA,750,0,48,Male,Republican
313,5,white,excellent,800,600,63,Female,Republican
313,5,white,poor,100,600,63,Female,Republican
314,7,white,NA,500,500,81,Male,Democrat
314,7,black,NA,500,500,81,Male,Democrat
315,11,black,excellent,750,0,79,Male,Republican
315,11,black,poor,750,0,79,Male,Republican
316,3,NA,poor,700,0,70,Female,Republican
316,3,NA,excellent,800,0,70,Female,Republican
317,3,NA,poor,750,0,55,Female,Independent
317,3,NA,excellent,750,0,55,Female,Independent
318,6,white,poor,400,250,67,Female,Democrat
318,6,white,excellent,850,250,67,Female,Democrat
319,10,black,NA,500,500,66,Female,Democrat
319,10,black,NA,500,500,66,Female,Democrat
320,12,black,poor,300,300,73,Female,Democrat
320,12,black,excellent,900,300,73,Female,Democrat
321,4,white,NA,500,400,75,Male,Democrat
321,4,white,NA,600,400,75,Male,Democrat
322,4,white,NA,750,0,53,Male,Republican
322,4,white,NA,750,0,53,Male,Republican
323,7,white,NA,750,0,84,Female,Democrat
323,7,black,NA,750,0,84,Female,Democrat
324,6,white,poor,750,0,73,Female,Democrat
324,6,white,excellent,750,0,73,Female,Democrat
325,1,NA,NA,500,100,52,Female,Republican
325,1,NA,NA,900,100,52,Female,Republican
326,5,white,excellent,500,500,62,Male,Republican
326,5,white,poor,500,500,62,Male,Republican
327,10,black,NA,700,100,62,Female,Democrat
327,10,black,NA,700,100,62,Female,Democrat
328,6,white,poor,700,100,60,Female,Republican
328,6,white,excellent,700,100,60,Female,Republican
329,7,white,NA,500,500,61,Male,Republican
329,7,black,NA,500,500,61,Male,Republican
330,10,black,NA,700,100,72,Female,Democrat
330,10,black,NA,700,100,72,Female,Democrat
331,8,white,excellent,600,400,72,Female,Democrat
331,8,black,poor,500,400,72,Female,Democrat
332,6,white,poor,750,0,72,Female,Democrat
332,6,white,excellent,750,0,72,Female,Democrat
333,7,white,NA,650,200,66,Male,Independent
333,7,black,NA,650,200,66,Male,Independent
334,1,NA,NA,650,200,71,Male,Democrat
334,1,NA,NA,650,200,71,Male,Democrat
335,7,white,NA,750,0,63,Male,Democrat
335,7,black,NA,750,0,63,Male,Democrat
336,9,white,poor,500,100,70,Male,Democrat
336,9,black,excellent,900,100,70,Male,Democrat
337,1,NA,NA,750,0,76,Male,Independent
337,1,NA,NA,750,0,76,Male,Independent
338,10,black,NA,500,500,81,Male,Republican
338,10,black,NA,500,500,81,Male,Republican
339,5,white,excellent,800,300,41,Female,Republican
339,5,white,poor,400,300,41,Female,Republican
340,11,black,excellent,0,900,82,Female,Republican
340,11,black,poor,600,900,82,Female,Republican
341,7,white,NA,750,0,82,Male,Independent
341,7,black,NA,750,0,82,Male,Independent
342,9,white,poor,750,0,53,Male,Democrat
342,9,black,excellent,750,0,53,Male,Democrat
343,11,black,excellent,650,300,71,Male,Democrat
343,11,black,poor,550,300,71,Male,Democrat
344,8,white,excellent,700,100,82,Female,Republican
344,8,black,poor,700,100,82,Female,Republican
345,1,NA,NA,650,0,70,Male,Democrat
345,1,NA,NA,850,0,70,Male,Democrat
346,3,NA,poor,500,500,74,Female,Republican
346,3,NA,excellent,500,500,74,Female,Republican
347,7,white,NA,400,500,65,Male,Republican
347,7,black,NA,600,500,65,Male,Republican
348,10,black,NA,450,300,68,Male,Independent
348,10,black,NA,750,300,68,Male,Independent
349,12,black,poor,0,600,77,Male,Democrat
349,12,black,excellent,900,600,77,Male,Democrat
350,3,NA,poor,700,300,55,Female,Republican
350,3,NA,excellent,500,300,55,Female,Republican
351,6,white,poor,0,600,70,Male,Independent
351,6,white,excellent,900,600,70,Male,Independent
352,7,white,NA,250,1000,69,Female,Democrat
352,7,black,NA,250,1000,69,Female,Democrat
353,6,white,poor,300,300,61,Female,Democrat
353,6,white,excellent,900,300,61,Female,Democrat
354,6,white,poor,0,1500,78,Male,Republican
354,6,white,excellent,0,1500,78,Male,Republican
355,2,NA,excellent,500,1000,76,Male,Republican
355,2,NA,poor,0,1000,76,Male,Republican
356,1,NA,NA,600,300,47,Female,Republican
356,1,NA,NA,600,300,47,Female,Republican
357,11,black,excellent,500,500,70,Female,Republican
357,11,black,poor,500,500,70,Female,Republican
358,11,black,excellent,750,0,62,Male,Republican
358,11,black,poor,750,0,62,Male,Republican
359,3,NA,poor,700,100,60,Male,Democrat
359,3,NA,excellent,700,100,60,Male,Democrat
360,4,white,NA,500,500,84,Female,Republican
360,4,white,NA,500,500,84,Female,Republican
361,4,white,NA,500,500,42,Male,Independent
361,4,white,NA,500,500,42,Male,Independent
362,1,NA,NA,900,0,65,Male,NA
362,1,NA,NA,600,0,65,Male,NA
363,1,NA,NA,0,1500,75,Male,Republican
363,1,NA,NA,0,1500,75,Male,Republican
364,1,NA,NA,0,1500,89,Female,Republican
364,1,NA,NA,0,1500,89,Female,Republican
365,11,black,excellent,700,100,58,Female,Democrat
365,11,black,poor,700,100,58,Female,Democrat
366,1,NA,NA,750,0,35,Female,Independent
366,1,NA,NA,750,0,35,Female,Independent
367,1,NA,NA,750,0,64,Female,Democrat
367,1,NA,NA,750,0,64,Female,Democrat
368,9,white,poor,500,100,37,Female,Democrat
368,9,black,excellent,900,100,37,Female,Democrat
369,4,white,NA,500,500,75,Female,Democrat
369,4,white,NA,500,500,75,Female,Democrat
370,10,black,NA,500,500,75,Male,Republican
370,10,black,NA,500,500,75,Male,Republican
371,1,NA,NA,750,0,54,Female,Republican
371,1,NA,NA,750,0,54,Female,Republican
372,2,NA,excellent,800,500,39,Female,Republican
372,2,NA,poor,200,500,39,Female,Republican
373,4,white,NA,750,0,99,Female,Democrat
373,4,white,NA,750,0,99,Female,Democrat
374,1,NA,NA,0,1500,54,Female,Republican
374,1,NA,NA,0,1500,54,Female,Republican
375,7,white,NA,750,0,72,Female,Democrat
375,7,black,NA,750,0,72,Female,Democrat
376,10,black,NA,500,500,59,Female,Democrat
376,10,black,NA,500,500,59,Female,Democrat
377,9,white,poor,200,900,40,Male,Republican
377,9,black,excellent,400,900,40,Male,Republican
378,1,NA,NA,500,500,76,Male,Democrat
378,1,NA,NA,500,500,76,Male,Democrat
379,12,black,poor,900,100,60,Female,Independent
379,12,black,excellent,500,100,60,Female,Independent
380,4,white,NA,400,600,64,Female,Democrat
380,4,white,NA,500,600,64,Female,Democrat
381,9,white,poor,700,100,91,Male,Republican
381,9,black,excellent,700,100,91,Male,Republican
382,6,white,poor,600,0,75,Male,Independent
382,6,white,excellent,900,0,75,Male,Independent
383,6,white,poor,600,300,75,Male,Republican
383,6,white,excellent,600,300,75,Male,Republican
384,10,black,NA,400,700,76,Female,Democrat
384,10,black,NA,400,700,76,Female,Democrat
385,9,white,poor,500,500,86,Male,Republican
385,9,black,excellent,500,500,86,Male,Republican
386,11,black,excellent,500,500,57,Female,Republican
386,11,black,poor,500,500,57,Female,Republican
387,3,NA,poor,0,1500,45,Male,Independent
387,3,NA,excellent,0,1500,45,Male,Independent
388,1,NA,NA,600,300,78,Male,Republican
388,1,NA,NA,600,300,78,Male,Republican
389,6,white,poor,600,200,78,Male,Republican
389,6,white,excellent,700,200,78,Male,Republican
390,4,white,NA,750,0,63,Male,Republican
390,4,white,NA,750,0,63,Male,Republican
391,10,black,NA,600,300,62,Female,Democrat
391,10,black,NA,600,300,62,Female,Democrat
392,3,NA,poor,400,200,54,Male,Democrat
392,3,NA,excellent,900,200,54,Male,Democrat
393,4,white,NA,300,600,68,Male,Independent
393,4,white,NA,600,600,68,Male,Independent
394,6,white,poor,750,0,66,Female,Independent
394,6,white,excellent,750,0,66,Female,Independent
395,7,white,NA,700,100,66,Male,Democrat
395,7,black,NA,700,100,66,Male,Democrat
396,10,black,NA,900,0,66,Male,Republican
396,10,black,NA,600,0,66,Male,Republican
397,8,white,excellent,750,0,66,Male,Republican
397,8,black,poor,750,0,66,Male,Republican
398,9,white,poor,400,500,58,Male,Republican
398,9,black,excellent,600,500,58,Male,Republican
399,5,white,excellent,900,100,57,Male,Independent
399,5,white,poor,400,100,57,Male,Independent
400,10,black,NA,400,700,75,Male,Republican
400,10,black,NA,400,700,75,Male,Republican
401,4,white,NA,700,0,82,Male,Democrat
401,4,white,NA,800,0,82,Male,Democrat
402,2,NA,excellent,900,0,80,Female,Democrat
402,2,NA,poor,600,0,80,Female,Democrat
403,7,white,NA,750,0,73,Female,Democrat
403,7,black,NA,750,0,73,Female,Democrat
404,11,black,excellent,800,300,71,Female,Democrat
404,11,black,poor,400,300,71,Female,Democrat
405,1,NA,NA,700,0,74,Male,Independent
405,1,NA,NA,800,0,74,Male,Independent
406,9,white,poor,750,0,72,Female,Democrat
406,9,black,excellent,750,0,72,Female,Democrat
407,7,white,NA,700,100,79,Female,Democrat
407,7,black,NA,700,100,79,Female,Democrat
408,7,white,NA,700,100,72,Male,Republican
408,7,black,NA,700,100,72,Male,Republican
409,1,NA,NA,750,0,73,Male,Democrat
409,1,NA,NA,750,0,73,Male,Democrat
410,3,NA,poor,750,0,74,Male,Democrat
410,3,NA,excellent,750,0,74,Male,Democrat
411,10,black,NA,600,200,56,Female,Democrat
411,10,black,NA,700,200,56,Female,Democrat
412,11,black,excellent,900,150,43,Male,Democrat
412,11,black,poor,450,150,43,Male,Democrat
413,10,black,NA,750,0,72,Male,Democrat
413,10,black,NA,750,0,72,Male,Democrat
414,1,NA,NA,750,0,63,Female,Democrat
414,1,NA,NA,750,0,63,Female,Democrat
415,5,white,excellent,850,50,76,Female,Republican
415,5,white,poor,600,50,76,Female,Republican
416,6,white,poor,400,200,75,Male,Democrat
416,6,white,excellent,900,200,75,Male,Democrat
417,11,black,excellent,500,500,64,Female,Democrat
417,11,black,poor,500,500,64,Female,Democrat
418,4,white,NA,550,400,81,Female,Democrat
418,4,white,NA,550,400,81,Female,Democrat
419,5,white,excellent,700,100,84,Male,Republican
419,5,white,poor,700,100,84,Male,Republican
420,1,NA,NA,0,1500,72,Female,Democrat
420,1,NA,NA,0,1500,72,Female,Democrat
421,5,white,excellent,500,500,75,Female,Independent
421,5,white,poor,500,500,75,Female,Independent
422,7,white,NA,500,500,74,Female,Democrat
422,7,black,NA,500,500,74,Female,Democrat
423,2,NA,excellent,750,0,72,Male,Republican
423,2,NA,poor,750,0,72,Male,Republican
424,12,black,poor,600,300,69,Male,Democrat
424,12,black,excellent,600,300,69,Male,Democrat
425,5,white,excellent,750,0,70,Male,Democrat
425,5,white,poor,750,0,70,Male,Democrat
426,4,white,NA,750,50,71,Female,Democrat
426,4,white,NA,700,50,71,Female,Democrat
427,11,black,excellent,850,0,70,Female,Republican
427,11,black,poor,650,0,70,Female,Republican
428,7,white,NA,300,900,60,Female,Republican
428,7,black,NA,300,900,60,Female,Republican
429,5,white,excellent,900,0,71,Female,Independent
429,5,white,poor,600,0,71,Female,Independent
430,2,NA,excellent,900,200,69,Female,Democrat
430,2,NA,poor,400,200,69,Female,Democrat
431,2,NA,excellent,750,0,79,Male,Democrat
431,2,NA,poor,750,0,79,Male,Democrat
432,11,black,excellent,900,500,79,Male,Republican
432,11,black,poor,100,500,79,Male,Republican
433,3,NA,poor,900,400,77,Male,Republican
433,3,NA,excellent,200,400,77,Male,Republican
434,8,white,excellent,750,0,71,Female,Democrat
434,8,black,poor,750,0,71,Female,Democrat
435,1,NA,NA,750,0,77,Male,Independent
435,1,NA,NA,750,0,77,Male,Independent
436,4,white,NA,750,0,45,Male,Democrat
436,4,white,NA,750,0,45,Male,Democrat
437,9,white,poor,0,1500,63,Male,Republican
437,9,black,excellent,0,1500,63,Male,Republican
438,2,NA,excellent,900,250,74,Male,Republican
438,2,NA,poor,350,250,74,Male,Republican
439,4,white,NA,600,300,82,Female,Republican
439,4,white,NA,600,300,82,Female,Republican
440,9,white,poor,0,1500,82,Male,Independent
440,9,black,excellent,0,1500,82,Male,Independent
441,2,NA,excellent,500,600,49,Female,Democrat
441,2,NA,poor,400,600,49,Female,Democrat
442,4,white,NA,500,500,73,Male,Republican
442,4,white,NA,500,500,73,Male,Republican
443,10,black,NA,750,0,41,Male,Democrat
443,10,black,NA,750,0,41,Male,Democrat
444,8,white,excellent,600,300,85,Male,Republican
444,8,black,poor,600,300,85,Male,Republican
445,4,white,NA,700,100,61,Male,Republican
445,4,white,NA,700,100,61,Male,Republican
446,8,white,excellent,500,500,86,Female,Republican
446,8,black,poor,500,500,86,Female,Republican
447,2,NA,excellent,900,600,81,Female,Republican
447,2,NA,poor,0,600,81,Female,Republican
448,4,white,NA,450,150,59,Female,Independent
448,4,white,NA,900,150,59,Female,Independent
449,4,white,NA,750,0,81,Male,Democrat
449,4,white,NA,750,0,81,Male,Democrat
450,8,white,excellent,0,600,71,Male,Republican
450,8,black,poor,900,600,71,Male,Republican
451,6,white,poor,750,0,76,Male,Democrat
451,6,white,excellent,750,0,76,Male,Democrat
452,2,NA,excellent,750,0,65,Male,Democrat
452,2,NA,poor,750,0,65,Male,Democrat
453,11,black,excellent,750,0,89,Male,Democrat
453,11,black,poor,750,0,89,Male,Democrat
454,4,white,NA,0,1500,73,Male,Republican
454,4,white,NA,0,1500,73,Male,Republican
455,3,NA,poor,650,200,69,Male,Democrat
455,3,NA,excellent,650,200,69,Male,Democrat
456,1,NA,NA,700,100,75,Male,Independent
456,1,NA,NA,700,100,75,Male,Independent
457,7,white,NA,700,100,62,Male,Republican
457,7,black,NA,700,100,62,Male,Republican
458,10,black,NA,500,500,64,Female,NA
458,10,black,NA,500,500,64,Female,NA
459,12,black,poor,400,700,77,Male,Republican
459,12,black,excellent,400,700,77,Male,Republican
460,7,white,NA,0,1500,61,Female,Republican
460,7,black,NA,0,1500,61,Female,Republican
461,1,NA,NA,500,700,85,Male,Republican
461,1,NA,NA,300,700,85,Male,Republican
462,7,white,NA,300,900,60,Male,Republican
462,7,black,NA,300,900,60,Male,Republican
463,7,white,NA,700,100,87,Male,Republican
463,7,black,NA,700,100,87,Male,Republican
464,9,white,poor,300,300,75,Male,Republican
464,9,black,excellent,900,300,75,Male,Republican
465,2,NA,excellent,1,1498,82,Male,Republican
465,2,NA,poor,1,1498,82,Male,Republican
466,2,NA,excellent,500,500,85,Male,Independent
466,2,NA,poor,500,500,85,Male,Independent
467,10,black,NA,750,0,72,Female,Democrat
467,10,black,NA,750,0,72,Female,Democrat
468,5,white,excellent,500,500,87,Male,Republican
468,5,white,poor,500,500,87,Male,Republican
469,4,white,NA,500,500,46,Female,Democrat
469,4,white,NA,500,500,46,Female,Democrat
470,4,white,NA,900,100,70,Female,Republican
470,4,white,NA,500,100,70,Female,Republican
471,2,NA,excellent,0,1500,62,Male,Republican
471,2,NA,poor,0,1500,62,Male,Republican
472,10,black,NA,500,500,96,Female,Republican
472,10,black,NA,500,500,96,Female,Republican
473,7,white,NA,0,1500,63,Male,Republican
473,7,black,NA,0,1500,63,Male,Republican
474,10,black,NA,750,0,72,Female,Democrat
474,10,black,NA,750,0,72,Female,Democrat
475,5,white,excellent,0,1500,66,Male,Republican
475,5,white,poor,0,1500,66,Male,Republican
476,4,white,NA,600,100,65,Female,Republican
476,4,white,NA,800,100,65,Female,Republican
477,2,NA,excellent,700,0,82,Male,Republican
477,2,NA,poor,800,0,82,Male,Republican
478,7,white,NA,600,50,36,Female,Democrat
478,7,black,NA,850,50,36,Female,Democrat
479,4,white,NA,750,0,76,Male,Republican
479,4,white,NA,750,0,76,Male,Republican
480,7,white,NA,750,0,71,Female,Republican
480,7,black,NA,750,0,71,Female,Republican
481,2,NA,excellent,50,1350,64,Male,Republican
481,2,NA,poor,100,1350,64,Male,Republican
482,2,NA,excellent,500,500,54,Female,Independent
482,2,NA,poor,500,500,54,Female,Independent
483,10,black,NA,700,100,66,Female,NA
483,10,black,NA,700,100,66,Female,NA
484,1,NA,NA,750,0,61,Male,Democrat
484,1,NA,NA,750,0,61,Male,Democrat
485,10,black,NA,700,100,76,Female,Democrat
485,10,black,NA,700,100,76,Female,Democrat
486,4,white,NA,750,0,51,Male,Republican
486,4,white,NA,750,0,51,Male,Republican
487,7,white,NA,700,100,81,Male,Democrat
487,7,black,NA,700,100,81,Male,Democrat
488,1,NA,NA,700,100,79,Female,Democrat
488,1,NA,NA,700,100,79,Female,Democrat
489,7,white,NA,750,0,44,Male,Independent
489,7,black,NA,750,0,44,Male,Independent
490,1,NA,NA,0,1500,81,Female,Republican
490,1,NA,NA,0,1500,81,Female,Republican
491,12,black,poor,400,700,82,Male,Republican
491,12,black,excellent,400,700,82,Male,Republican
492,4,white,NA,750,0,91,Male,Republican
492,4,white,NA,750,0,91,Male,Republican
493,7,white,NA,600,300,88,Male,Republican
493,7,black,NA,600,300,88,Male,Republican
494,2,NA,excellent,700,100,76,Male,Democrat
494,2,NA,poor,700,100,76,Male,Democrat
495,9,white,poor,0,1000,81,Female,Republican
495,9,black,excellent,500,1000,81,Female,Republican
496,10,black,NA,750,0,62,Male,Democrat
496,10,black,NA,750,0,62,Male,Democrat
497,10,black,NA,550,500,40,Male,Republican
497,10,black,NA,450,500,40,Male,Republican
498,10,black,NA,300,600,70,Male,Republican
498,10,black,NA,600,600,70,Male,Republican
499,7,white,NA,500,500,61,Male,Republican
499,7,black,NA,500,500,61,Male,Republican
500,7,white,NA,750,0,50,Male,Republican
500,7,black,NA,750,0,50,Male,Republican
501,6,white,poor,500,100,81,Male,Republican
501,6,white,excellent,900,100,81,Male,Republican
502,7,white,NA,600,300,96,Male,Republican
502,7,black,NA,600,300,96,Male,Republican
503,7,white,NA,600,300,69,Female,Independent
503,7,black,NA,600,300,69,Female,Independent
504,6,white,poor,600,200,50,Male,Democrat
504,6,white,excellent,700,200,50,Male,Democrat
505,4,white,NA,700,100,82,Female,Democrat
505,4,white,NA,700,100,82,Female,Democrat
506,9,white,poor,0,1500,71,Female,Democrat
506,9,black,excellent,0,1500,71,Female,Democrat
507,7,white,NA,750,0,60,Male,Democrat
507,7,black,NA,750,0,60,Male,Democrat
508,3,NA,poor,600,0,66,Male,Democrat
508,3,NA,excellent,900,0,66,Male,Democrat
509,1,NA,NA,750,0,70,Male,Republican
509,1,NA,NA,750,0,70,Male,Republican
510,5,white,excellent,750,0,100,Female,Republican
510,5,white,poor,750,0,100,Female,Republican
511,1,NA,NA,600,300,66,Male,Democrat
511,1,NA,NA,600,300,66,Male,Democrat
512,7,white,NA,0,600,76,Female,Republican
512,7,black,NA,900,600,76,Female,Republican
513,7,white,NA,0,1500,81,Female,NA
513,7,black,NA,0,1500,81,Female,NA
514,4,white,NA,750,0,64,Female,Democrat
514,4,white,NA,750,0,64,Female,Democrat
515,11,black,excellent,500,500,67,Female,Democrat
515,11,black,poor,500,500,67,Female,Democrat
516,10,black,NA,600,300,71,Male,Republican
516,10,black,NA,600,300,71,Male,Republican
517,12,black,poor,800,0,83,Male,Democrat
517,12,black,excellent,700,0,83,Male,Democrat
518,11,black,excellent,500,1000,36,Male,Republican
518,11,black,poor,0,1000,36,Male,Republican
519,10,black,NA,600,0,69,Male,Republican
519,10,black,NA,900,0,69,Male,Republican
520,10,black,NA,300,600,55,Male,Democrat
520,10,black,NA,600,600,55,Male,Democrat
521,7,white,NA,0,1500,69,Female,Independent
521,7,black,NA,0,1500,69,Female,Independent
522,3,NA,poor,500,500,77,Male,Democrat
522,3,NA,excellent,500,500,77,Male,Democrat
523,4,white,NA,700,100,76,Male,Democrat
523,4,white,NA,700,100,76,Male,Democrat
524,7,white,NA,0,1500,39,Female,Republican
524,7,black,NA,0,1500,39,Female,Republican
525,4,white,NA,750,0,84,Female,Republican
525,4,white,NA,750,0,84,Female,Republican
526,8,white,excellent,0,1500,76,Male,Republican
526,8,black,poor,0,1500,76,Male,Republican
527,11,black,excellent,500,750,67,Female,Republican
527,11,black,poor,250,750,67,Female,Republican
528,8,white,excellent,400,400,78,Male,Republican
528,8,black,poor,700,400,78,Male,Republican
529,12,black,poor,600,0,76,Male,Republican
529,12,black,excellent,900,0,76,Male,Republican
530,2,NA,excellent,800,300,76,Male,Democrat
530,2,NA,poor,400,300,76,Male,Democrat
531,9,white,poor,0,600,75,Male,Republican
531,9,black,excellent,900,600,75,Male,Republican
532,12,black,poor,25,1450,82,Male,Republican
532,12,black,excellent,25,1450,82,Male,Republican
533,3,NA,poor,0,600,74,Male,Republican
533,3,NA,excellent,900,600,74,Male,Republican
534,1,NA,NA,500,500,66,Female,Republican
534,1,NA,NA,500,500,66,Female,Republican
535,12,black,poor,0,1000,70,Male,Democrat
535,12,black,excellent,500,1000,70,Male,Democrat
536,4,white,NA,650,200,82,Female,Republican
536,4,white,NA,650,200,82,Female,Republican
537,9,white,poor,400,400,85,Male,Republican
537,9,black,excellent,700,400,85,Male,Republican
538,1,NA,NA,0,1500,88,Male,Democrat
538,1,NA,NA,0,1500,88,Male,Democrat
539,1,NA,NA,250,1000,74,Male,Democrat
539,1,NA,NA,250,1000,74,Male,Democrat
540,2,NA,excellent,900,100,58,Female,Democrat
540,2,NA,poor,500,100,58,Female,Democrat
541,10,black,NA,700,0,78,Male,Republican
541,10,black,NA,800,0,78,Male,Republican
542,5,white,excellent,750,0,61,Female,Republican
542,5,white,poor,750,0,61,Female,Republican
543,9,white,poor,675,50,34,Male,Democrat
543,9,black,excellent,775,50,34,Male,Democrat
544,3,NA,poor,750,0,76,Female,Democrat
544,3,NA,excellent,750,0,76,Female,Democrat
545,6,white,poor,700,100,69,Female,Democrat
545,6,white,excellent,700,100,69,Female,Democrat
546,7,white,NA,750,0,51,Male,Democrat
546,7,black,NA,750,0,51,Male,Democrat
547,12,black,poor,600,0,73,Female,Republican
547,12,black,excellent,900,0,73,Female,Republican
548,6,white,poor,200,400,83,Male,Republican
548,6,white,excellent,900,400,83,Male,Republican
549,3,NA,poor,250,350,44,Female,Republican
549,3,NA,excellent,900,350,44,Female,Republican
550,12,black,poor,1,999,62,Male,Republican
550,12,black,excellent,500,999,62,Male,Republican
551,10,black,NA,700,100,60,Female,Independent
551,10,black,NA,700,100,60,Female,Independent
552,11,black,excellent,750,0,69,Male,Democrat
552,11,black,poor,750,0,69,Male,Democrat
553,5,white,excellent,750,0,66,Male,Democrat
553,5,white,poor,750,0,66,Male,Democrat
554,1,NA,NA,600,300,63,Male,Democrat
554,1,NA,NA,600,300,63,Male,Democrat
555,6,white,poor,200,700,70,Male,Republican
555,6,white,excellent,600,700,70,Male,Republican
556,8,white,excellent,900,600,68,Female,Republican
556,8,black,poor,0,600,68,Female,Republican
557,9,white,poor,300,500,86,Male,Republican
557,9,black,excellent,700,500,86,Male,Republican
558,2,NA,excellent,600,300,46,Female,Republican
558,2,NA,poor,600,300,46,Female,Republican
559,10,black,NA,750,0,63,Female,Democrat
559,10,black,NA,750,0,63,Female,Democrat
560,10,black,NA,750,0,81,Female,Independent
560,10,black,NA,750,0,81,Female,Independent
561,6,white,poor,200,500,49,Male,Republican
561,6,white,excellent,800,500,49,Male,Republican
562,4,white,NA,500,500,79,Male,Democrat
562,4,white,NA,500,500,79,Male,Democrat
563,11,black,excellent,0,1500,69,Male,Republican
563,11,black,poor,0,1500,69,Male,Republican
564,1,NA,NA,750,0,91,Male,Independent
564,1,NA,NA,750,0,91,Male,Independent
565,2,NA,excellent,900,600,92,Male,Republican
565,2,NA,poor,0,600,92,Male,Republican
566,7,white,NA,700,100,49,Male,Democrat
566,7,black,NA,700,100,49,Male,Democrat
567,7,white,NA,750,0,79,Female,Democrat
567,7,black,NA,750,0,79,Female,Democrat
568,12,black,poor,500,100,91,Female,Democrat
568,12,black,excellent,900,100,91,Female,Democrat
569,2,NA,excellent,600,0,37,Female,NA
569,2,NA,poor,900,0,37,Female,NA
570,8,white,excellent,400,1000,58,Female,Democrat
570,8,black,poor,100,1000,58,Female,Democrat
571,1,NA,NA,750,0,58,Female,Democrat
571,1,NA,NA,750,0,58,Female,Democrat
572,11,black,excellent,0,1500,44,Female,NA
572,11,black,poor,0,1500,44,Female,NA
573,5,white,excellent,500,500,92,Female,Republican
573,5,white,poor,500,500,92,Female,Republican
574,4,white,NA,750,0,41,Female,Independent
574,4,white,NA,750,0,41,Female,Independent
575,7,white,NA,600,300,68,Female,Republican
575,7,black,NA,600,300,68,Female,Republican
576,4,white,NA,750,0,71,Male,Republican
576,4,white,NA,750,0,71,Male,Republican
577,4,white,NA,500,500,47,Female,Republican
577,4,white,NA,500,500,47,Female,Republican
578,9,white,poor,900,0,58,Female,Democrat
578,9,black,excellent,600,0,58,Female,Democrat
579,10,black,NA,750,0,71,Female,Republican
579,10,black,NA,750,0,71,Female,Republican
580,2,NA,excellent,0,1500,63,Female,Republican
580,2,NA,poor,0,1500,63,Female,Republican
581,1,NA,NA,750,0,64,Male,Republican
581,1,NA,NA,750,0,64,Male,Republican
582,5,white,excellent,600,300,62,Female,Democrat
582,5,white,poor,600,300,62,Female,Democrat
583,12,black,poor,500,300,44,Female,Independent
583,12,black,excellent,700,300,44,Female,Independent
584,4,white,NA,0,1500,69,Female,Republican
584,4,white,NA,0,1500,69,Female,Republican
585,1,NA,NA,750,0,75,Male,Republican
585,1,NA,NA,750,0,75,Male,Republican
586,10,black,NA,0,1500,63,Female,Independent
586,10,black,NA,0,1500,63,Female,Independent
587,8,white,excellent,700,0,62,Female,Independent
587,8,black,poor,800,0,62,Female,Independent
588,6,white,poor,500,500,74,Female,Democrat
588,6,white,excellent,500,500,74,Female,Democrat
589,5,white,excellent,600,200,57,Male,Democrat
589,5,white,poor,700,200,57,Male,Democrat
590,5,white,excellent,750,0,65,Female,Independent
590,5,white,poor,750,0,65,Female,Independent
591,10,black,NA,750,0,59,Male,Republican
591,10,black,NA,750,0,59,Male,Republican
592,9,white,poor,500,100,67,Female,Democrat
592,9,black,excellent,900,100,67,Female,Democrat
593,1,NA,NA,750,0,56,Female,Republican
593,1,NA,NA,750,0,56,Female,Republican
594,7,white,NA,500,500,71,Female,Democrat
594,7,black,NA,500,500,71,Female,Democrat
595,9,white,poor,0,1500,64,Female,Republican
595,9,black,excellent,0,1500,64,Female,Republican
596,10,black,NA,500,500,57,Male,Republican
596,10,black,NA,500,500,57,Male,Republican
597,10,black,NA,300,900,87,Male,Independent
597,10,black,NA,300,900,87,Male,Independent
598,9,white,poor,0,1500,71,Female,Republican
598,9,black,excellent,0,1500,71,Female,Republican
599,1,NA,NA,600,250,84,Female,Democrat
599,1,NA,NA,650,250,84,Female,Democrat
600,7,white,NA,750,0,88,Female,Republican
600,7,black,NA,750,0,88,Female,Republican
601,12,black,poor,900,600,62,Female,Democrat
601,12,black,excellent,0,600,62,Female,Democrat
602,9,white,poor,500,500,69,Female,Republican
602,9,black,excellent,500,500,69,Female,Republican
603,10,black,NA,500,100,86,Male,Republican
603,10,black,NA,900,100,86,Male,Republican
604,1,NA,NA,500,200,73,Female,Democrat
604,1,NA,NA,800,200,73,Female,Democrat
605,3,NA,poor,750,0,40,Male,Democrat
605,3,NA,excellent,750,0,40,Male,Democrat
606,2,NA,excellent,900,600,68,Female,Democrat
606,2,NA,poor,0,600,68,Female,Democrat
607,4,white,NA,600,300,82,Female,Democrat
607,4,white,NA,600,300,82,Female,Democrat
608,9,white,poor,700,0,52,Male,Democrat
608,9,black,excellent,800,0,52,Male,Democrat
609,11,black,excellent,500,500,76,Female,Republican
609,11,black,poor,500,500,76,Female,Republican
610,10,black,NA,0,1500,70,Male,Democrat
610,10,black,NA,0,1500,70,Male,Democrat
611,7,white,NA,750,0,45,Female,Democrat
611,7,black,NA,750,0,45,Female,Democrat
612,2,NA,excellent,900,200,79,Female,Democrat
612,2,NA,poor,400,200,79,Female,Democrat
613,10,black,NA,0,1500,83,Female,Republican
613,10,black,NA,0,1500,83,Female,Republican
614,9,white,poor,750,0,54,Female,Republican
614,9,black,excellent,750,0,54,Female,Republican
615,5,white,excellent,600,0,64,Female,Democrat
615,5,white,poor,900,0,64,Female,Democrat
616,4,white,NA,200,1100,56,Male,Independent
616,4,white,NA,200,1100,56,Male,Independent
617,5,white,excellent,500,500,79,Female,NA
617,5,white,poor,500,500,79,Female,NA
618,6,white,poor,750,0,62,Male,Independent
618,6,white,excellent,750,0,62,Male,Independent
619,11,black,excellent,750,550,83,Male,Democrat
619,11,black,poor,200,550,83,Male,Democrat
620,8,white,excellent,900,600,45,Female,Democrat
620,8,black,poor,0,600,45,Female,Democrat
621,6,white,poor,750,0,62,Female,Republican
621,6,white,excellent,750,0,62,Female,Republican
622,12,black,poor,0,1500,66,Female,Republican
622,12,black,excellent,0,1500,66,Female,Republican
623,11,black,excellent,750,0,70,Male,Republican
623,11,black,poor,750,0,70,Male,Republican
624,6,white,poor,600,0,68,Male,Democrat
624,6,white,excellent,900,0,68,Male,Democrat
625,9,white,poor,0,600,76,Male,Republican
625,9,black,excellent,900,600,76,Male,Republican
626,2,NA,excellent,700,300,85,Male,Republican
626,2,NA,poor,500,300,85,Male,Republican
627,4,white,NA,750,0,34,Male,Democrat
627,4,white,NA,750,0,34,Male,Democrat
628,7,white,NA,600,300,72,Male,Democrat
628,7,black,NA,600,300,72,Male,Democrat
629,8,white,excellent,700,500,66,Male,Independent
629,8,black,poor,300,500,66,Male,Independent
630,7,white,NA,0,1500,71,Male,Independent
630,7,black,NA,0,1500,71,Male,Independent
631,1,NA,NA,750,0,78,Female,Democrat
631,1,NA,NA,750,0,78,Female,Democrat
632,4,white,NA,500,500,94,Male,Republican
632,4,white,NA,500,500,94,Male,Republican
633,7,white,NA,0,1500,96,Male,Republican
633,7,black,NA,0,1500,96,Male,Republican
634,2,NA,excellent,900,599,81,Female,Independent
634,2,NA,poor,1,599,81,Female,Independent
635,10,black,NA,500,200,78,Male,Democrat
635,10,black,NA,800,200,78,Male,Democrat
636,11,black,excellent,900,600,89,Female,Democrat
636,11,black,poor,0,600,89,Female,Democrat
637,4,white,NA,800,100,86,Male,Republican
637,4,white,NA,600,100,86,Male,Republican
638,10,black,NA,500,500,77,Male,Republican
638,10,black,NA,500,500,77,Male,Republican
639,4,white,NA,600,300,77,Male,Democrat
639,4,white,NA,600,300,77,Male,Democrat
640,1,NA,NA,500,500,83,Male,Republican
640,1,NA,NA,500,500,83,Male,Republican
641,5,white,excellent,900,200,64,Female,Independent
641,5,white,poor,400,200,64,Female,Independent
642,1,NA,NA,600,300,61,Female,Republican
642,1,NA,NA,600,300,61,Female,Republican
643,4,white,NA,750,100,85,Male,Republican
643,4,white,NA,650,100,85,Male,Republican
644,5,white,excellent,900,0,81,Female,Democrat
644,5,white,poor,600,0,81,Female,Democrat
645,11,black,excellent,500,500,98,Female,Democrat
645,11,black,poor,500,500,98,Female,Democrat
646,9,white,poor,500,400,84,Male,Democrat
646,9,black,excellent,600,400,84,Male,Democrat
647,5,white,excellent,750,0,61,Male,Independent
647,5,white,poor,750,0,61,Male,Independent
648,7,white,NA,740,20,50,Female,Democrat
648,7,black,NA,740,20,50,Female,Democrat
649,6,white,poor,750,0,66,Male,Republican
649,6,white,excellent,750,0,66,Male,Republican
650,5,white,excellent,750,0,70,Male,Republican
650,5,white,poor,750,0,70,Male,Republican
651,8,white,excellent,800,200,65,Male,Republican
651,8,black,poor,500,200,65,Male,Republican
652,4,white,NA,750,0,64,Female,Republican
652,4,white,NA,750,0,64,Female,Republican
653,4,white,NA,700,100,40,Male,Democrat
653,4,white,NA,700,100,40,Male,Democrat
654,7,white,NA,600,0,59,Male,Democrat
654,7,black,NA,900,0,59,Male,Democrat
655,3,NA,poor,0,1500,83,Female,Republican
655,3,NA,excellent,0,1500,83,Female,Republican
656,7,white,NA,750,0,81,Male,Democrat
656,7,black,NA,750,0,81,Male,Democrat
657,5,white,excellent,900,600,53,Male,Republican
657,5,white,poor,0,600,53,Male,Republican
658,7,white,NA,700,100,71,Male,Republican
658,7,black,NA,700,100,71,Male,Republican
659,12,black,poor,700,100,80,Female,Democrat
659,12,black,excellent,700,100,80,Female,Democrat
660,5,white,excellent,900,150,90,Male,Republican
660,5,white,poor,450,150,90,Male,Republican
661,7,white,NA,750,0,61,Male,Republican
661,7,black,NA,750,0,61,Male,Republican
662,7,white,NA,500,500,74,Female,Democrat
662,7,black,NA,500,500,74,Female,Democrat
663,11,black,excellent,500,950,32,Female,NA
663,11,black,poor,50,950,32,Female,NA
664,11,black,excellent,900,100,58,Female,Republican
664,11,black,poor,500,100,58,Female,Republican
665,5,white,excellent,500,500,67,Female,Democrat
665,5,white,poor,500,500,67,Female,Democrat
666,2,NA,excellent,900,300,54,Female,Republican
666,2,NA,poor,300,300,54,Female,Republican
667,10,black,NA,750,0,76,Male,Democrat
667,10,black,NA,750,0,76,Male,Democrat
668,10,black,NA,600,0,64,Male,Democrat
668,10,black,NA,900,0,64,Male,Democrat
669,12,black,poor,100,600,54,Male,Republican
669,12,black,excellent,800,600,54,Male,Republican
670,12,black,poor,600,300,60,Male,Republican
670,12,black,excellent,600,300,60,Male,Republican
671,8,white,excellent,500,500,75,Male,Republican
671,8,black,poor,500,500,75,Male,Republican
672,8,white,excellent,750,150,56,Male,Republican
672,8,black,poor,600,150,56,Male,Republican
673,1,NA,NA,700,100,72,Female,Democrat
673,1,NA,NA,700,100,72,Female,Democrat
674,4,white,NA,500,500,67,Female,Republican
674,4,white,NA,500,500,67,Female,Republican
675,1,NA,NA,650,200,74,Female,Independent
675,1,NA,NA,650,200,74,Female,Independent
676,9,white,poor,400,200,88,Male,Republican
676,9,black,excellent,900,200,88,Male,Republican
677,11,black,excellent,900,600,75,Male,Republican
677,11,black,poor,0,600,75,Male,Republican
678,10,black,NA,0,1500,84,Male,Independent
678,10,black,NA,0,1500,84,Male,Independent
679,11,black,excellent,900,150,50,Female,Democrat
679,11,black,poor,450,150,50,Female,Democrat
680,5,white,excellent,500,500,62,Female,Republican
680,5,white,poor,500,500,62,Female,Republican
681,12,black,poor,600,100,44,Male,Democrat
681,12,black,excellent,800,100,44,Male,Democrat
682,4,white,NA,700,100,39,Male,Democrat
682,4,white,NA,700,100,39,Male,Democrat
683,8,white,excellent,750,0,86,Male,Democrat
683,8,black,poor,750,0,86,Male,Democrat
684,6,white,poor,400,300,46,Female,Republican
684,6,white,excellent,800,300,46,Female,Republican
685,11,black,excellent,750,0,72,Female,Democrat
685,11,black,poor,750,0,72,Female,Democrat
686,3,NA,poor,500,500,65,Male,Republican
686,3,NA,excellent,500,500,65,Male,Republican
687,4,white,NA,700,0,38,Female,Democrat
687,4,white,NA,800,0,38,Female,Democrat
688,1,NA,NA,0,1500,93,Male,Democrat
688,1,NA,NA,0,1500,93,Male,Democrat
689,6,white,poor,0,1500,58,Female,Republican
689,6,white,excellent,0,1500,58,Female,Republican
690,9,white,poor,600,300,64,Male,Republican
690,9,black,excellent,600,300,64,Male,Republican
691,6,white,poor,200,400,63,Male,Independent
691,6,white,excellent,900,400,63,Male,Independent
692,4,white,NA,700,100,88,Male,Democrat
692,4,white,NA,700,100,88,Male,Democrat
693,10,black,NA,750,0,58,Male,Republican
693,10,black,NA,750,0,58,Male,Republican
694,2,NA,excellent,800,100,69,Male,Republican
694,2,NA,poor,600,100,69,Male,Republican
695,1,NA,NA,700,300,70,Male,Republican
695,1,NA,NA,500,300,70,Male,Republican
696,12,black,poor,1,599,76,Female,Republican
696,12,black,excellent,900,599,76,Female,Republican
697,4,white,NA,400,700,71,Female,Democrat
697,4,white,NA,400,700,71,Female,Democrat
698,5,white,excellent,750,0,92,Male,Republican
698,5,white,poor,750,0,92,Male,Republican
699,3,NA,poor,500,300,52,Female,Republican
699,3,NA,excellent,700,300,52,Female,Republican
700,6,white,poor,400,200,64,Male,Republican
700,6,white,excellent,900,200,64,Male,Republican
701,3,NA,poor,0,1300,91,Male,Republican
701,3,NA,excellent,200,1300,91,Male,Republican
702,1,NA,NA,500,500,68,Female,Republican
702,1,NA,NA,500,500,68,Female,Republican
703,12,black,poor,750,0,91,Male,Independent
703,12,black,excellent,750,0,91,Male,Independent
704,11,black,excellent,700,100,79,Male,Republican
704,11,black,poor,700,100,79,Male,Republican
705,10,black,NA,600,300,71,Male,Independent
705,10,black,NA,600,300,71,Male,Independent
706,1,NA,NA,700,100,76,Female,Democrat
706,1,NA,NA,700,100,76,Female,Democrat
707,3,NA,poor,450,600,81,Male,Republican
707,3,NA,excellent,450,600,81,Male,Republican
708,12,black,poor,0,1500,65,Male,Republican
708,12,black,excellent,0,1500,65,Male,Republican
709,2,NA,excellent,900,600,68,Male,Independent
709,2,NA,poor,0,600,68,Male,Independent
710,5,white,excellent,900,100,72,Male,Democrat
710,5,white,poor,500,100,72,Male,Democrat
711,10,black,NA,500,300,60,Male,Democrat
711,10,black,NA,700,300,60,Male,Democrat
712,5,white,excellent,750,0,62,Female,Democrat
712,5,white,poor,750,0,62,Female,Democrat
713,9,white,poor,400,500,59,Male,Republican
713,9,black,excellent,600,500,59,Male,Republican
714,8,white,excellent,750,0,77,Female,Republican
714,8,black,poor,750,0,77,Female,Republican
715,9,white,poor,650,100,65,Male,Republican
715,9,black,excellent,750,100,65,Male,Republican
716,6,white,poor,750,0,70,Female,Democrat
716,6,white,excellent,750,0,70,Female,Democrat
717,6,white,poor,0,600,75,Male,Republican
717,6,white,excellent,900,600,75,Male,Republican
718,5,white,excellent,750,0,75,Male,Democrat
718,5,white,poor,750,0,75,Male,Democrat
719,2,NA,excellent,750,0,40,Male,Independent
719,2,NA,poor,750,0,40,Male,Independent
720,12,black,poor,600,100,80,Female,Republican
720,12,black,excellent,800,100,80,Female,Republican
721,7,white,NA,300,800,62,Female,Independent
721,7,black,NA,400,800,62,Female,Independent
722,8,white,excellent,700,100,71,Female,Republican
722,8,black,poor,700,100,71,Female,Republican
723,3,NA,poor,450,400,36,Male,Democrat
723,3,NA,excellent,650,400,36,Male,Democrat
724,3,NA,poor,900,200,33,Female,Democrat
724,3,NA,excellent,400,200,33,Female,Democrat
725,12,black,poor,400,500,91,Female,Republican
725,12,black,excellent,600,500,91,Female,Republican
726,8,white,excellent,700,100,80,Male,Democrat
726,8,black,poor,700,100,80,Male,Democrat
727,1,NA,NA,500,500,39,Male,Republican
727,1,NA,NA,500,500,39,Male,Republican
728,4,white,NA,700,100,72,Female,Democrat
728,4,white,NA,700,100,72,Female,Democrat
729,8,white,excellent,750,0,75,Male,Democrat
729,8,black,poor,750,0,75,Male,Democrat
730,5,white,excellent,750,0,66,Female,Democrat
730,5,white,poor,750,0,66,Female,Democrat
731,10,black,NA,800,0,87,Male,Republican
731,10,black,NA,700,0,87,Male,Republican
732,11,black,excellent,650,750,79,Male,Republican
732,11,black,poor,100,750,79,Male,Republican
733,3,NA,poor,300,300,74,Female,Republican
733,3,NA,excellent,900,300,74,Female,Republican
734,7,white,NA,600,300,93,Male,Republican
734,7,black,NA,600,300,93,Male,Republican
735,3,NA,poor,740,10,62,Male,Republican
735,3,NA,excellent,750,10,62,Male,Republican
736,5,white,excellent,0,1500,96,Male,Republican
736,5,white,poor,0,1500,96,Male,Republican
737,10,black,NA,600,300,75,Female,Independent
737,10,black,NA,600,300,75,Female,Independent
738,10,black,NA,700,100,84,Female,Republican
738,10,black,NA,700,100,84,Female,Republican
739,12,black,poor,750,0,67,Male,Republican
739,12,black,excellent,750,0,67,Male,Republican
740,8,white,excellent,700,100,65,Female,Republican
740,8,black,poor,700,100,65,Female,Republican
741,11,black,excellent,0,1000,64,Female,Republican
741,11,black,poor,500,1000,64,Female,Republican
742,10,black,NA,750,0,60,Male,Republican
742,10,black,NA,750,0,60,Male,Republican
743,5,white,excellent,700,100,53,Female,Democrat
743,5,white,poor,700,100,53,Female,Democrat
744,11,black,excellent,900,600,74,Female,Republican
744,11,black,poor,0,600,74,Female,Republican
745,3,NA,poor,500,300,64,Female,Republican
745,3,NA,excellent,700,300,64,Female,Republican
746,8,white,excellent,750,250,64,Male,Republican
746,8,black,poor,500,250,64,Male,Republican
747,1,NA,NA,500,500,75,Male,Republican
747,1,NA,NA,500,500,75,Male,Republican
748,5,white,excellent,500,100,64,Female,Independent
748,5,white,poor,900,100,64,Female,Independent
749,10,black,NA,0,1500,61,Male,Democrat
749,10,black,NA,0,1500,61,Male,Democrat
750,1,NA,NA,500,500,76,Male,Republican
750,1,NA,NA,500,500,76,Male,Republican
751,3,NA,poor,700,0,62,Male,Democrat
751,3,NA,excellent,800,0,62,Male,Democrat
752,7,white,NA,450,600,61,Male,Republican
752,7,black,NA,450,600,61,Male,Republican
753,1,NA,NA,400,200,68,Female,Democrat
753,1,NA,NA,900,200,68,Female,Democrat
754,2,NA,excellent,900,150,55,Female,Republican
754,2,NA,poor,450,150,55,Female,Republican
755,11,black,excellent,500,500,85,Female,Republican
755,11,black,poor,500,500,85,Female,Republican
756,7,white,NA,0,1500,69,Male,Republican
756,7,black,NA,0,1500,69,Male,Republican
757,5,white,excellent,800,700,84,Male,Republican
757,5,white,poor,0,700,84,Male,Republican
758,7,white,NA,600,0,80,Female,Republican
758,7,black,NA,900,0,80,Female,Republican
759,10,black,NA,500,500,58,Female,Republican
759,10,black,NA,500,500,58,Female,Republican
760,11,black,excellent,800,100,64,Male,Republican
760,11,black,poor,600,100,64,Male,Republican
761,10,black,NA,750,0,86,Female,Democrat
761,10,black,NA,750,0,86,Female,Democrat
762,1,NA,NA,500,500,36,Female,Republican
762,1,NA,NA,500,500,36,Female,Republican
763,1,NA,NA,600,0,75,Male,Democrat
763,1,NA,NA,900,0,75,Male,Democrat
764,10,black,NA,700,100,77,Female,Republican
764,10,black,NA,700,100,77,Female,Republican
765,10,black,NA,150,1050,40,Male,Republican
765,10,black,NA,300,1050,40,Male,Republican
766,8,white,excellent,800,300,63,Male,Republican
766,8,black,poor,400,300,63,Male,Republican
767,4,white,NA,0,1500,73,Female,Republican
767,4,white,NA,0,1500,73,Female,Republican
768,6,white,poor,600,600,50,Female,Republican
768,6,white,excellent,300,600,50,Female,Republican
769,1,NA,NA,500,500,34,Female,NA
769,1,NA,NA,500,500,34,Female,NA
770,7,white,NA,0,1500,89,Female,Republican
770,7,black,NA,0,1500,89,Female,Republican
771,12,black,poor,0,1500,65,Male,Republican
771,12,black,excellent,0,1500,65,Male,Republican
772,10,black,NA,500,500,65,Female,Republican
772,10,black,NA,500,500,65,Female,Republican
773,7,white,NA,400,500,45,Female,Republican
773,7,black,NA,600,500,45,Female,Republican
774,5,white,excellent,900,0,78,Male,Republican
774,5,white,poor,600,0,78,Male,Republican
775,8,white,excellent,750,0,80,Female,Republican
775,8,black,poor,750,0,80,Female,Republican
776,4,white,NA,700,0,71,Male,Democrat
776,4,white,NA,800,0,71,Male,Democrat
777,11,black,excellent,900,300,42,Female,Republican
777,11,black,poor,300,300,42,Female,Republican
778,7,white,NA,0,1500,83,Female,NA
778,7,black,NA,0,1500,83,Female,NA
779,4,white,NA,750,0,65,Female,Republican
779,4,white,NA,750,0,65,Female,Republican
780,2,NA,excellent,700,600,71,Female,Republican
780,2,NA,poor,200,600,71,Female,Republican
781,2,NA,excellent,700,300,76,Male,Republican
781,2,NA,poor,500,300,76,Male,Republican
782,7,white,NA,550,400,81,Male,Republican
782,7,black,NA,550,400,81,Male,Republican
783,3,NA,poor,200,400,42,Female,Republican
783,3,NA,excellent,900,400,42,Female,Republican
784,9,white,poor,500,500,85,Female,Republican
784,9,black,excellent,500,500,85,Female,Republican
785,10,black,NA,750,0,61,Female,Republican
785,10,black,NA,750,0,61,Female,Republican
786,1,NA,NA,250,1000,76,Female,Republican
786,1,NA,NA,250,1000,76,Female,Republican
787,1,NA,NA,500,500,54,Female,Republican
787,1,NA,NA,500,500,54,Female,Republican
788,10,black,NA,600,0,78,Male,Republican
788,10,black,NA,900,0,78,Male,Republican
789,4,white,NA,600,300,78,Female,Republican
789,4,white,NA,600,300,78,Female,Republican
790,7,white,NA,650,100,86,Female,Republican
790,7,black,NA,750,100,86,Female,Republican
791,6,white,poor,600,50,52,Male,Democrat
791,6,white,excellent,850,50,52,Male,Democrat
792,3,NA,poor,200,400,60,Male,Democrat
792,3,NA,excellent,900,400,60,Male,Democrat
793,3,NA,poor,750,0,69,Female,Republican
793,3,NA,excellent,750,0,69,Female,Republican
794,5,white,excellent,900,600,67,Female,Republican
794,5,white,poor,0,600,67,Female,Republican
795,9,white,poor,700,500,77,Male,Republican
795,9,black,excellent,300,500,77,Male,Republican
796,11,black,excellent,750,0,45,Female,Republican
796,11,black,poor,750,0,45,Female,Republican
797,4,white,NA,750,0,46,Female,Democrat
797,4,white,NA,750,0,46,Female,Democrat
798,10,black,NA,500,500,32,Female,Republican
798,10,black,NA,500,500,32,Female,Republican
799,1,NA,NA,400,700,49,Female,NA
799,1,NA,NA,400,700,49,Female,NA
800,9,white,poor,900,0,72,Female,Independent
800,9,black,excellent,600,0,72,Female,Independent
801,12,black,poor,900,200,48,Male,Republican
801,12,black,excellent,400,200,48,Male,Republican
802,11,black,excellent,700,300,57,Female,Republican
802,11,black,poor,500,300,57,Female,Republican
803,4,white,NA,450,600,79,Male,Democrat
803,4,white,NA,450,600,79,Male,Democrat
804,11,black,excellent,700,100,82,Female,Democrat
804,11,black,poor,700,100,82,Female,Democrat
805,1,NA,NA,800,0,70,Female,NA
805,1,NA,NA,700,0,70,Female,NA
806,10,black,NA,700,100,73,Female,Democrat
806,10,black,NA,700,100,73,Female,Democrat
807,3,NA,poor,350,250,36,Female,Democrat
807,3,NA,excellent,900,250,36,Female,Democrat
808,7,white,NA,500,500,76,Male,Democrat
808,7,black,NA,500,500,76,Male,Democrat
809,4,white,NA,750,0,56,Female,NA
809,4,white,NA,750,0,56,Female,NA
810,5,white,excellent,750,0,68,Female,Democrat
810,5,white,poor,750,0,68,Female,Democrat
811,1,NA,NA,750,0,80,Female,Independent
811,1,NA,NA,750,0,80,Female,Independent
812,1,NA,NA,750,0,33,Female,Republican
812,1,NA,NA,750,0,33,Female,Republican
813,8,white,excellent,450,750,50,Female,Democrat
813,8,black,poor,300,750,50,Female,Democrat
814,4,white,NA,700,300,48,Female,Democrat
814,4,white,NA,500,300,48,Female,Democrat
815,6,white,poor,200,400,49,Female,Republican
815,6,white,excellent,900,400,49,Female,Republican
816,11,black,excellent,600,100,42,Female,Republican
816,11,black,poor,800,100,42,Female,Republican
817,10,black,NA,700,100,44,Female,Republican
817,10,black,NA,700,100,44,Female,Republican
818,4,white,NA,0,1500,71,Female,Democrat
818,4,white,NA,0,1500,71,Female,Democrat
819,1,NA,NA,500,200,32,Male,Democrat
819,1,NA,NA,800,200,32,Male,Democrat
820,1,NA,NA,600,300,95,Female,NA
820,1,NA,NA,600,300,95,Female,NA
821,10,black,NA,750,0,64,Male,Democrat
821,10,black,NA,750,0,64,Male,Democrat
822,7,white,NA,750,0,57,Male,NA
822,7,black,NA,750,0,57,Male,NA
823,12,black,poor,900,100,38,Female,Democrat
823,12,black,excellent,500,100,38,Female,Democrat
824,2,NA,excellent,800,0,83,Female,Democrat
824,2,NA,poor,700,0,83,Female,Democrat
825,7,white,NA,750,0,43,Female,Republican
825,7,black,NA,750,0,43,Female,Republican
826,2,NA,excellent,750,0,61,Male,Democrat
826,2,NA,poor,750,0,61,Male,Democrat
827,12,black,poor,0,1050,39,Male,Republican
827,12,black,excellent,450,1050,39,Male,Republican
828,8,white,excellent,800,200,46,Female,Republican
828,8,black,poor,500,200,46,Female,Republican
829,4,white,NA,750,0,55,Male,Democrat
829,4,white,NA,750,0,55,Male,Democrat
830,1,NA,NA,750,0,71,Male,Independent
830,1,NA,NA,750,0,71,Male,Independent
831,11,black,excellent,650,200,63,Female,Democrat
831,11,black,poor,650,200,63,Female,Democrat
832,2,NA,excellent,500,500,62,Female,Democrat
832,2,NA,poor,500,500,62,Female,Democrat
833,1,NA,NA,700,100,39,Female,NA
833,1,NA,NA,700,100,39,Female,NA
834,4,white,NA,500,400,65,Male,Democrat
834,4,white,NA,600,400,65,Male,Democrat
835,8,white,excellent,750,0,32,Female,Democrat
835,8,black,poor,750,0,32,Female,Democrat
836,8,white,excellent,800,0,53,Male,Republican
836,8,black,poor,700,0,53,Male,Republican
837,6,white,poor,700,100,35,Female,Independent
837,6,white,excellent,700,100,35,Female,Independent
838,1,NA,NA,0,1500,40,Female,Republican
838,1,NA,NA,0,1500,40,Female,Republican
839,4,white,NA,500,500,31,Female,Democrat
839,4,white,NA,500,500,31,Female,Democrat
840,4,white,NA,700,100,63,Male,Republican
840,4,white,NA,700,100,63,Male,Republican
841,5,white,excellent,750,0,67,Female,Democrat
841,5,white,poor,750,0,67,Female,Democrat
842,9,white,poor,700,200,31,Female,NA
842,9,black,excellent,600,200,31,Female,NA
843,10,black,NA,0,1500,74,Female,Democrat
843,10,black,NA,0,1500,74,Female,Democrat
844,4,white,NA,500,500,77,Male,Democrat
844,4,white,NA,500,500,77,Male,Democrat
845,1,NA,NA,700,100,61,Female,Democrat
845,1,NA,NA,700,100,61,Female,Democrat
846,7,white,NA,700,0,46,Female,Independent
846,7,black,NA,800,0,46,Female,Independent
847,5,white,excellent,500,500,34,Female,Democrat
847,5,white,poor,500,500,34,Female,Democrat
848,10,black,NA,700,100,55,Female,Republican
848,10,black,NA,700,100,55,Female,Republican
849,9,white,poor,500,500,36,Female,Independent
849,9,black,excellent,500,500,36,Female,Independent
850,3,NA,poor,600,100,81,Female,Independent
850,3,NA,excellent,800,100,81,Female,Independent
851,3,NA,poor,400,800,68,Female,Democrat
851,3,NA,excellent,300,800,68,Female,Democrat
852,2,NA,excellent,900,300,64,Female,Republican
852,2,NA,poor,300,300,64,Female,Republican
853,10,black,NA,700,100,53,Male,Democrat
853,10,black,NA,700,100,53,Male,Democrat
854,10,black,NA,750,0,47,Female,Democrat
854,10,black,NA,750,0,47,Female,Democrat
855,1,NA,NA,750,0,47,Female,Democrat
855,1,NA,NA,750,0,47,Female,Democrat
856,4,white,NA,600,0,74,Female,Democrat
856,4,white,NA,900,0,74,Female,Democrat
857,7,white,NA,500,400,64,Male,Democrat
857,7,black,NA,600,400,64,Male,Democrat
858,11,black,excellent,700,200,62,Female,Democrat
858,11,black,poor,600,200,62,Female,Democrat
859,4,white,NA,500,500,39,Female,Republican
859,4,white,NA,500,500,39,Female,Republican
860,9,white,poor,0,600,73,Male,Democrat
860,9,black,excellent,900,600,73,Male,Democrat
861,4,white,NA,750,0,48,Female,Democrat
861,4,white,NA,750,0,48,Female,Democrat
862,7,white,NA,600,0,54,Female,Democrat
862,7,black,NA,900,0,54,Female,Democrat
863,6,white,poor,750,0,61,Male,Democrat
863,6,white,excellent,750,0,61,Male,Democrat
864,8,white,excellent,750,0,42,Female,Democrat
864,8,black,poor,750,0,42,Female,Democrat
865,7,white,NA,750,0,64,Male,Republican
865,7,black,NA,750,0,64,Male,Republican
866,10,black,NA,250,1000,48,Female,Democrat
866,10,black,NA,250,1000,48,Female,Democrat
867,10,black,NA,750,0,45,Male,Democrat
867,10,black,NA,750,0,45,Male,Democrat
868,2,NA,excellent,650,300,81,Female,Democrat
868,2,NA,poor,550,300,81,Female,Democrat
869,2,NA,excellent,900,0,70,Female,Democrat
869,2,NA,poor,600,0,70,Female,Democrat
870,4,white,NA,750,0,45,Female,Democrat
870,4,white,NA,750,0,45,Female,Democrat
871,10,black,NA,550,300,48,Female,Democrat
871,10,black,NA,650,300,48,Female,Democrat
872,11,black,excellent,900,500,59,Female,Democrat
872,11,black,poor,100,500,59,Female,Democrat
873,11,black,excellent,750,400,54,Female,Democrat
873,11,black,poor,350,400,54,Female,Democrat
874,10,black,NA,600,300,40,Female,Democrat
874,10,black,NA,600,300,40,Female,Democrat
875,7,white,NA,650,100,41,Female,Democrat
875,7,black,NA,750,100,41,Female,Democrat
876,3,NA,poor,700,100,72,Female,Democrat
876,3,NA,excellent,700,100,72,Female,Democrat
877,7,white,NA,750,0,63,Male,Republican
877,7,black,NA,750,0,63,Male,Republican
878,3,NA,poor,200,700,39,Female,Republican
878,3,NA,excellent,600,700,39,Female,Republican
879,10,black,NA,850,0,56,Male,Democrat
879,10,black,NA,650,0,56,Male,Democrat
880,6,white,poor,600,0,66,Female,NA
880,6,white,excellent,900,0,66,Female,NA
881,10,black,NA,300,900,42,Female,Republican
881,10,black,NA,300,900,42,Female,Republican
882,4,white,NA,750,0,84,Male,Democrat
882,4,white,NA,750,0,84,Male,Democrat
883,7,white,NA,500,500,46,Male,Democrat
883,7,black,NA,500,500,46,Male,Democrat
884,8,white,excellent,600,300,78,Female,Democrat
884,8,black,poor,600,300,78,Female,Democrat
885,2,NA,excellent,500,500,61,Male,Independent
885,2,NA,poor,500,500,61,Male,Independent
886,9,white,poor,750,0,68,Female,Republican
886,9,black,excellent,750,0,68,Female,Republican
887,2,NA,excellent,400,1100,64,Female,Democrat
887,2,NA,poor,0,1100,64,Female,Democrat
888,6,white,poor,500,100,69,Female,Democrat
888,6,white,excellent,900,100,69,Female,Democrat
889,7,white,NA,600,300,70,Female,Democrat
889,7,black,NA,600,300,70,Female,Democrat
890,3,NA,poor,0,1500,69,Female,Democrat
890,3,NA,excellent,0,1500,69,Female,Democrat
891,1,NA,NA,700,100,35,Female,Democrat
891,1,NA,NA,700,100,35,Female,Democrat
892,8,white,excellent,900,100,54,Male,Republican
892,8,black,poor,500,100,54,Male,Republican
893,7,white,NA,700,100,83,Female,Democrat
893,7,black,NA,700,100,83,Female,Democrat
894,7,white,NA,600,0,40,Male,Republican
894,7,black,NA,900,0,40,Male,Republican
895,11,black,excellent,800,0,58,Male,Democrat
895,11,black,poor,700,0,58,Male,Democrat
896,9,white,poor,750,0,76,Female,Democrat
896,9,black,excellent,750,0,76,Female,Democrat
897,5,white,excellent,500,700,51,Female,Independent
897,5,white,poor,300,700,51,Female,Independent
898,6,white,poor,100,500,49,Male,Republican
898,6,white,excellent,900,500,49,Male,Republican
899,10,black,NA,750,0,38,Female,Democrat
899,10,black,NA,750,0,38,Female,Democrat
900,7,white,NA,700,0,82,Male,Democrat
900,7,black,NA,800,0,82,Male,Democrat
901,10,black,NA,650,200,63,Male,Democrat
901,10,black,NA,650,200,63,Male,Democrat
902,9,white,poor,900,0,41,Female,NA
902,9,black,excellent,600,0,41,Female,NA
903,5,white,excellent,600,0,35,Female,Republican
903,5,white,poor,900,0,35,Female,Republican
904,1,NA,NA,300,300,44,Female,Democrat
904,1,NA,NA,900,300,44,Female,Democrat
905,9,white,poor,500,700,37,Female,Independent
905,9,black,excellent,300,700,37,Female,Independent
906,6,white,poor,900,0,61,Male,Democrat
906,6,white,excellent,600,0,61,Male,Democrat
907,9,white,poor,750,0,79,Female,Independent
907,9,black,excellent,750,0,79,Female,Independent
908,9,white,poor,800,100,68,Female,Democrat
908,9,black,excellent,600,100,68,Female,Democrat
909,3,NA,poor,700,0,58,Male,Democrat
909,3,NA,excellent,800,0,58,Male,Democrat
910,4,white,NA,300,900,85,Female,Democrat
910,4,white,NA,300,900,85,Female,Democrat
911,2,NA,excellent,750,0,38,Female,Democrat
911,2,NA,poor,750,0,38,Female,Democrat
912,2,NA,excellent,725,50,44,Female,Democrat
912,2,NA,poor,725,50,44,Female,Democrat
913,3,NA,poor,900,0,37,Female,Democrat
913,3,NA,excellent,600,0,37,Female,Democrat
914,11,black,excellent,900,100,77,Male,Independent
914,11,black,poor,500,100,77,Male,Independent
915,10,black,NA,300,600,38,Female,Democrat
915,10,black,NA,600,600,38,Female,Democrat
916,9,white,poor,750,0,66,Female,Democrat
916,9,black,excellent,750,0,66,Female,Democrat
917,9,white,poor,700,100,59,Male,Democrat
917,9,black,excellent,700,100,59,Male,Democrat
918,1,NA,NA,500,500,56,Female,Democrat
918,1,NA,NA,500,500,56,Female,Democrat
919,5,white,excellent,500,500,77,Female,Independent
919,5,white,poor,500,500,77,Female,Independent
920,10,black,NA,600,300,45,Female,Democrat
920,10,black,NA,600,300,45,Female,Democrat
921,4,white,NA,100,1300,63,Male,Independent
921,4,white,NA,100,1300,63,Male,Independent
922,2,NA,excellent,900,300,42,Male,NA
922,2,NA,poor,300,300,42,Male,NA
923,2,NA,excellent,750,0,62,Male,Democrat
923,2,NA,poor,750,0,62,Male,Democrat
924,4,white,NA,300,1000,46,Female,Independent
924,4,white,NA,200,1000,46,Female,Independent
925,7,white,NA,750,0,62,Male,Republican
925,7,black,NA,750,0,62,Male,Republican
926,1,NA,NA,800,100,56,Male,Democrat
926,1,NA,NA,600,100,56,Male,Democrat
927,7,white,NA,750,0,57,Female,Democrat
927,7,black,NA,750,0,57,Female,Democrat
928,7,white,NA,500,500,38,Female,Democrat
928,7,black,NA,500,500,38,Female,Democrat
929,10,black,NA,400,700,45,Male,Democrat
929,10,black,NA,400,700,45,Male,Democrat
930,9,white,poor,600,300,53,Female,Republican
930,9,black,excellent,600,300,53,Female,Republican
931,12,black,poor,400,200,46,Female,Independent
931,12,black,excellent,900,200,46,Female,Independent
932,5,white,excellent,400,700,32,Female,Republican
932,5,white,poor,400,700,32,Female,Republican
933,9,white,poor,600,100,72,Female,Democrat
933,9,black,excellent,800,100,72,Female,Democrat
934,12,black,poor,750,50,41,Female,Democrat
934,12,black,excellent,700,50,41,Female,Democrat
935,7,white,NA,500,200,45,Female,Democrat
935,7,black,NA,800,200,45,Female,Democrat
936,10,black,NA,750,0,65,Female,Democrat
936,10,black,NA,750,0,65,Female,Democrat
937,10,black,NA,700,100,71,Female,Democrat
937,10,black,NA,700,100,71,Female,Democrat
938,10,black,NA,750,0,42,Male,Democrat
938,10,black,NA,750,0,42,Male,Democrat
939,1,NA,NA,750,0,41,Female,Democrat
939,1,NA,NA,750,0,41,Female,Democrat
940,9,white,poor,400,900,38,Female,NA
940,9,black,excellent,200,900,38,Female,NA
941,4,white,NA,700,100,74,Female,Republican
941,4,white,NA,700,100,74,Female,Republican
942,10,black,NA,500,500,35,Male,Republican
942,10,black,NA,500,500,35,Male,Republican
943,7,white,NA,750,0,33,Female,Independent
943,7,black,NA,750,0,33,Female,Independent
944,10,black,NA,500,300,35,Female,Democrat
944,10,black,NA,700,300,35,Female,Democrat
945,2,NA,excellent,900,600,55,Female,Democrat
945,2,NA,poor,0,600,55,Female,Democrat
946,9,white,poor,750,0,58,Female,Democrat
946,9,black,excellent,750,0,58,Female,Democrat
947,2,NA,excellent,500,500,49,Female,Independent
947,2,NA,poor,500,500,49,Female,Independent
948,1,NA,NA,0,1500,69,Female,Democrat
948,1,NA,NA,0,1500,69,Female,Democrat
949,3,NA,poor,500,100,37,Female,Republican
949,3,NA,excellent,900,100,37,Female,Republican
950,12,black,poor,750,0,58,Female,Independent
950,12,black,excellent,750,0,58,Female,Independent
951,5,white,excellent,900,0,41,Male,Democrat
951,5,white,poor,600,0,41,Male,Democrat
952,10,black,NA,700,100,34,Female,Republican
952,10,black,NA,700,100,34,Female,Republican
953,7,white,NA,200,500,42,Male,Democrat
953,7,black,NA,800,500,42,Male,Democrat
954,7,white,NA,500,500,54,Male,NA
954,7,black,NA,500,500,54,Male,NA
955,2,NA,excellent,750,200,57,Female,Democrat
955,2,NA,poor,550,200,57,Female,Democrat
956,1,NA,NA,450,600,37,Female,Democrat
956,1,NA,NA,450,600,37,Female,Democrat
957,10,black,NA,500,500,36,Female,Democrat
957,10,black,NA,500,500,36,Female,Democrat
958,10,black,NA,500,700,38,Female,Republican
958,10,black,NA,300,700,38,Female,Republican
959,4,white,NA,750,0,52,Male,Republican
959,4,white,NA,750,0,52,Male,Republican
960,7,white,NA,900,0,53,Female,Democrat
960,7,black,NA,600,0,53,Female,Democrat
961,2,NA,excellent,0,1500,70,Male,Independent
961,2,NA,poor,0,1500,70,Male,Independent
962,3,NA,poor,500,500,37,Female,NA
962,3,NA,excellent,500,500,37,Female,NA
963,8,white,excellent,750,750,61,Female,Democrat
963,8,black,poor,0,750,61,Female,Democrat
964,7,white,NA,500,500,63,Female,Democrat
964,7,black,NA,500,500,63,Female,Democrat
965,7,white,NA,750,0,31,Female,Republican
965,7,black,NA,750,0,31,Female,Republican
966,6,white,poor,600,0,42,Male,NA
966,6,white,excellent,900,0,42,Male,NA
967,6,white,poor,0,600,51,Female,Republican
967,6,white,excellent,900,600,51,Female,Republican
968,7,white,NA,750,0,59,Female,Republican
968,7,black,NA,750,0,59,Female,Republican
969,4,white,NA,750,0,63,Female,NA
969,4,white,NA,750,0,63,Female,NA
970,7,white,NA,700,100,88,Male,Independent
970,7,black,NA,700,100,88,Male,Independent
971,6,white,poor,650,200,38,Female,Republican
971,6,white,excellent,650,200,38,Female,Republican
972,10,black,NA,750,0,37,Female,Democrat
972,10,black,NA,750,0,37,Female,Democrat
973,1,NA,NA,720,60,40,Female,Republican
973,1,NA,NA,720,60,40,Female,Republican
974,7,white,NA,600,0,31,Male,Democrat
974,7,black,NA,900,0,31,Male,Democrat
975,3,NA,poor,600,100,53,Female,Democrat
975,3,NA,excellent,800,100,53,Female,Democrat
976,8,white,excellent,700,100,54,Female,Independent
976,8,black,poor,700,100,54,Female,Independent
977,12,black,poor,700,100,33,Female,Democrat
977,12,black,excellent,700,100,33,Female,Democrat
978,10,black,NA,650,200,65,Female,Republican
978,10,black,NA,650,200,65,Female,Republican
979,10,black,NA,750,0,77,Male,Democrat
979,10,black,NA,750,0,77,Male,Democrat
980,4,white,NA,450,600,34,Female,Democrat
980,4,white,NA,450,600,34,Female,Democrat
981,4,white,NA,600,0,34,Female,Republican
981,4,white,NA,900,0,34,Female,Republican
982,9,white,poor,900,0,68,Female,Democrat
982,9,black,excellent,600,0,68,Female,Democrat
983,2,NA,excellent,900,0,53,Female,Republican
983,2,NA,poor,600,0,53,Female,Republican
984,3,NA,poor,700,100,48,Female,Republican
984,3,NA,excellent,700,100,48,Female,Republican
985,1,NA,NA,650,0,34,Female,Independent
985,1,NA,NA,850,0,34,Female,Independent
986,7,white,NA,500,500,58,Female,Republican
986,7,black,NA,500,500,58,Female,Republican
987,5,white,excellent,900,0,61,Female,Republican
987,5,white,poor,600,0,61,Female,Republican
988,6,white,poor,300,500,40,Female,Democrat
988,6,white,excellent,700,500,40,Female,Democrat
989,1,NA,NA,700,100,56,Female,Democrat
989,1,NA,NA,700,100,56,Female,Democrat
990,10,black,NA,0,1500,61,Female,Democrat
990,10,black,NA,0,1500,61,Female,Democrat
991,3,NA,poor,600,0,32,Female,Republican
991,3,NA,excellent,900,0,32,Female,Republican
992,10,black,NA,600,300,39,Female,Democrat
992,10,black,NA,600,300,39,Female,Democrat
993,4,white,NA,750,0,74,Female,Democrat
993,4,white,NA,750,0,74,Female,Democrat
994,10,black,NA,500,500,54,Female,Democrat
994,10,black,NA,500,500,54,Female,Democrat
995,2,NA,excellent,800,25,32,Female,Democrat
995,2,NA,poor,675,25,32,Female,Democrat
996,3,NA,poor,750,0,51,Male,Independent
996,3,NA,excellent,750,0,51,Male,Independent
997,2,NA,excellent,650,500,83,Female,Democrat
997,2,NA,poor,350,500,83,Female,Democrat
998,5,white,excellent,450,400,52,Male,Independent
998,5,white,poor,650,400,52,Male,Independent
999,11,black,excellent,500,500,41,Female,Independent
999,11,black,poor,500,500,41,Female,Independent
1000,4,white,NA,750,0,62,Female,Independent
1000,4,white,NA,750,0,62,Female,Independent
